Time,Boss,Event,Reporter
2019-11-21 10:58 AM,AZUREGOS,KILLED,Bran
2019-11-21 03:30 PM,KAZZAK,KILLED,Bran
2019-11-24 01:34 PM,KAZZAK,CHECKED,Willboof
2019-11-24 01:49 PM,KAZZAK,CHECKED,Bashna
2019-11-24 01:58 PM,KAZZAK,CHECKED,Willboof
2019-11-24 01:59 PM,AZUREGOS,CHECKED,Willboof
2019-11-24 03:24 PM,AZUREGOS,CHECKED,Willboof
2019-11-24 07:30 PM,AZUREGOS,CHECKED,Willboof
2019-11-24 07:38 PM,KAZZAK,CHECKED,Willboof
2019-11-24 07:46 PM,AZUREGOS,CHECKED,ApachePrime
2019-11-24 08:45 PM,KAZZAK,CHECKED,Derok
2019-11-24 09:13 PM,KAZZAK,CHECKED,Derok
2019-11-24 09:30 PM,KAZZAK,CHECKED,Derok
2019-11-24 09:57 PM,KAZZAK,CHECKED,Derok
2019-11-24 10:26 PM,KAZZAK,CHECKED,Derok
2019-11-24 11:10 PM,KAZZAK,CHECKED,Derok
2019-11-24 11:40 PM,KAZZAK,CHECKED,Worldchat
2019-11-25 12:00 AM,AZUREGOS,CHECKED,Wena
2019-11-25 12:53 AM,KAZZAK,CHECKED,Derok
2019-11-25 01:17 AM,KAZZAK,CHECKED,Derok
2019-11-25 01:27 AM,AZUREGOS,CHECKED,Willboof
2019-11-25 01:42 AM,KAZZAK,CHECKED,Derok
2019-11-25 01:55 AM,AZUREGOS,CHECKED,nextgen
2019-11-25 02:13 AM,KAZZAK,CHECKED,Derok
2019-11-25 02:25 AM,AZUREGOS,CHECKED,Slayerseth
2019-11-25 02:47 AM,KAZZAK,CHECKED,Derok
2019-11-25 02:57 AM,AZUREGOS,CHECKED,Vannis
2019-11-25 03:11 AM,KAZZAK,CHECKED,Derok
2019-11-25 03:17 AM,AZUREGOS,CHECKED,Willboof
2019-11-25 03:52 AM,KAZZAK,CHECKED,Derok
2019-11-25 03:54 AM,AZUREGOS,CHECKED,nextgen
2019-11-25 04:28 AM,AZUREGOS,CHECKED,Durtgrub
2019-11-25 04:41 AM,KAZZAK,CHECKED,Derok
2019-11-25 04:56 AM,KAZZAK,CHECKED,Kainslayer
2019-11-25 05:01 AM,AZUREGOS,CHECKED,nextgen
2019-11-25 05:15 AM,KAZZAK,CHECKED,Worldchat
2019-11-25 05:34 AM,KAZZAK,CHECKED,Kainslayer
2019-11-25 05:45 AM,AZUREGOS,CHECKED,nextgen
2019-11-25 06:00 AM,KAZZAK,CHECKED,Derok
2019-11-25 06:07 AM,KAZZAK,CHECKED,Kainslayer
2019-11-25 06:18 AM,AZUREGOS,CHECKED,Durtgrub
2019-11-25 06:52 AM,AZUREGOS,CHECKED,nextgen
2019-11-25 07:11 AM,AZUREGOS,CHECKED,Spooner
2019-11-25 07:24 AM,AZUREGOS,CHECKED,Drum
2019-11-25 07:39 AM,AZUREGOS,CHECKED,Spooner
2019-11-25 08:00 AM,AZUREGOS,CHECKED,Op
2019-11-25 08:09 AM,KAZZAK,CHECKED,Bashna
2019-11-25 08:23 AM,AZUREGOS,CHECKED,Spooner
2019-11-25 08:54 AM,AZUREGOS,CHECKED,Spooner
2019-11-25 09:00 AM,KAZZAK,CHECKED,Op
2019-11-25 09:00 AM,AZUREGOS,CHECKED,Op
2019-11-25 09:30 AM,KAZZAK,CHECKED,Op
2019-11-25 09:30 AM,AZUREGOS,CHECKED,Op
2019-11-25 09:43 AM,AZUREGOS,CHECKED,Durtgrub
2019-11-25 09:47 AM,KAZZAK,CHECKED,Kilelyan
2019-11-25 10:00 AM,AZUREGOS,CHECKED,Op
2019-11-25 10:00 AM,KAZZAK,CHECKED,Op
2019-11-25 10:11 AM,KAZZAK,CHECKED,Kilelyan
2019-11-25 10:32 AM,AZUREGOS,CHECKED,Zodiackiller
2019-11-25 10:35 AM,KAZZAK,CHECKED,Kilelyan
2019-11-25 10:59 AM,AZUREGOS,CHECKED,Zodiackiller
2019-11-25 11:03 AM,KAZZAK,CHECKED,Bashna
2019-11-25 11:30 AM,KAZZAK,CHECKED,Op
2019-11-25 11:30 AM,AZUREGOS,CHECKED,Op
2019-11-25 11:58 AM,KAZZAK,CHECKED,Kilelyan
2019-11-25 12:00 PM,KAZZAK,CHECKED,Op
2019-11-25 12:00 PM,AZUREGOS,CHECKED,Op
2019-11-25 12:30 PM,AZUREGOS,CHECKED,Op
2019-11-25 12:30 PM,KAZZAK,CHECKED,Op
2019-11-25 01:00 PM,AZUREGOS,CHECKED,Op
2019-11-25 01:00 PM,KAZZAK,CHECKED,Op
2019-11-25 01:30 PM,KAZZAK,CHECKED,Op
2019-11-25 01:30 PM,AZUREGOS,CHECKED,Op
2019-11-25 02:00 PM,AZUREGOS,CHECKED,Op
2019-11-25 02:00 PM,KAZZAK,CHECKED,Op
2019-11-25 02:30 PM,KAZZAK,CHECKED,Op
2019-11-25 02:30 PM,AZUREGOS,CHECKED,Op
2019-11-25 02:55 PM,KAZZAK,CHECKED,Derok
2019-11-25 03:00 PM,AZUREGOS,CHECKED,Op
2019-11-25 03:34 PM,KAZZAK,CHECKED,Derok
2019-11-25 05:02 PM,KAZZAK,CHECKED,Goopy
2019-11-25 05:03 PM,KAZZAK,CHECKED,Derok
2019-11-25 05:48 PM,KAZZAK,CHECKED,Derok
2019-11-25 05:57 PM,AZUREGOS,CHECKED,Wena
2019-11-25 06:03 PM,KAZZAK,CHECKED,Goopy
2019-11-25 06:27 PM,KAZZAK,CHECKED,Fishtodaface
2019-11-25 06:28 PM,AZUREGOS,CHECKED,Zodiackiller
2019-11-25 06:54 PM,AZUREGOS,CHECKED,Zodiackiller
2019-11-25 06:56 PM,KAZZAK,CHECKED,Fishtodaface
2019-11-25 07:31 PM,KAZZAK,KILLED,Ooze
2019-11-26 12:11 AM,AZUREGOS,CHECKED,Goopy
2019-11-26 01:07 AM,AZUREGOS,CHECKED,Goopy
2019-11-26 01:32 AM,AZUREGOS,CHECKED,Derok
2019-11-26 01:44 AM,AZUREGOS,CHECKED,Elbodeep
2019-11-26 02:10 AM,AZUREGOS,CHECKED,Derok
2019-11-26 02:34 AM,AZUREGOS,CHECKED,Derok
2019-11-26 03:13 AM,AZUREGOS,CHECKED,Derok
2019-11-26 03:41 AM,AZUREGOS,CHECKED,Derok
2019-11-26 03:55 AM,AZUREGOS,CHECKED,Goob
2019-11-26 04:26 AM,AZUREGOS,CHECKED,Derok
2019-11-26 04:56 AM,AZUREGOS,CHECKED,Wena
2019-11-26 05:27 AM,AZUREGOS,CHECKED,Derok
2019-11-26 05:58 AM,AZUREGOS,CHECKED,Derok
2019-11-26 06:20 AM,AZUREGOS,CHECKED,Derok
2019-11-26 06:37 AM,AZUREGOS,KILLED,Ooze
2019-11-26 09:28 AM,KAZZAK,CHECKED,Autonomic
2019-11-26 09:32 AM,AZUREGOS,CHECKED,Excremental
2019-11-26 10:00 AM,AZUREGOS,CHECKED,Op
2019-11-26 10:00 AM,KAZZAK,CHECKED,Op
2019-11-26 10:30 AM,KAZZAK,CHECKED,Op
2019-11-26 10:30 AM,AZUREGOS,CHECKED,Op
2019-11-26 12:00 PM,AZUREGOS,CHECKED,Op
2019-11-26 12:00 PM,KAZZAK,CHECKED,Op
2019-11-26 12:30 PM,AZUREGOS,CHECKED,Op
2019-11-26 12:30 PM,KAZZAK,CHECKED,Op
2019-11-26 12:54 PM,KAZZAK,CHECKED,Brazzmonkey
2019-11-26 01:01 PM,KAZZAK,CHECKED,Op
2019-11-26 01:01 PM,AZUREGOS,CHECKED,Op
2019-11-26 02:00 PM,AZUREGOS,CHECKED,Op
2019-11-26 02:01 PM,KAZZAK,CHECKED,Op
2019-11-26 02:30 PM,KAZZAK,CHECKED,Op
2019-11-26 02:30 PM,AZUREGOS,CHECKED,Op
2019-11-26 03:13 PM,AZUREGOS,CHECKED,Simi
2019-11-26 03:58 PM,AZUREGOS,CHECKED,Simi
2019-11-26 04:35 PM,KAZZAK,CHECKED,Willboof
2019-11-26 04:53 PM,KAZZAK,CHECKED,Bashna
2019-11-26 06:04 PM,KAZZAK,CHECKED,Lokomani
2019-11-26 09:29 PM,AZUREGOS,CHECKED,Zodiackiller
2019-11-26 09:59 PM,AZUREGOS,CHECKED,Zodiackiller
2019-11-26 10:33 PM,AZUREGOS,CHECKED,Zodiackiller
2019-11-26 11:01 PM,AZUREGOS,CHECKED,Zodiackiller
2019-11-26 11:03 PM,AZUREGOS,CHECKED,Zodiackiller
2019-11-26 11:03 PM,KAZZAK,CHECKED,Lokomani
2019-11-26 11:32 PM,AZUREGOS,CHECKED,Zodiackiller
2019-11-27 12:01 AM,AZUREGOS,CHECKED,Zodiackiller
2019-11-27 12:19 AM,KAZZAK,CHECKED,Kainslayer
2019-11-27 12:30 AM,AZUREGOS,CHECKED,Zodiackiller
2019-11-27 01:06 AM,AZUREGOS,CHECKED,Zodiackiller
2019-11-27 01:08 AM,KAZZAK,CHECKED,Lokomani
2019-11-27 01:31 AM,AZUREGOS,CHECKED,Zodiackiller
2019-11-27 01:39 AM,KAZZAK,CHECKED,Kainslayer
2019-11-27 02:03 AM,KAZZAK,CHECKED,Kainslayer
2019-11-27 02:04 AM,AZUREGOS,CHECKED,Zodiackiller
2019-11-27 02:30 AM,AZUREGOS,CHECKED,Zodiackiller
2019-11-27 02:33 AM,KAZZAK,CHECKED,Kainslayer
2019-11-27 03:03 AM,KAZZAK,CHECKED,Kainslayer
2019-11-27 03:05 AM,AZUREGOS,CHECKED,Zodiackiller
2019-11-27 03:36 AM,KAZZAK,CHECKED,Kainslayer
2019-11-27 03:37 AM,AZUREGOS,CHECKED,Zodiackiller
2019-11-27 04:02 AM,AZUREGOS,CHECKED,Zodiackiller
2019-11-27 04:32 AM,AZUREGOS,CHECKED,Zodiackiller
2019-11-27 04:33 AM,KAZZAK,CHECKED,Kainslayer
2019-11-27 05:03 AM,KAZZAK,CHECKED,Kainslayer
2019-11-27 05:05 AM,AZUREGOS,CHECKED,Zodiackiller
2019-11-27 05:30 AM,AZUREGOS,CHECKED,Simi
2019-11-27 05:37 AM,KAZZAK,CHECKED,Kainslayer
2019-11-27 06:04 AM,KAZZAK,CHECKED,Kainslayer
2019-11-27 06:04 AM,AZUREGOS,CHECKED,Zodiackiller
2019-11-27 06:32 AM,KAZZAK,CHECKED,Lokomani
2019-11-27 06:33 AM,AZUREGOS,CHECKED,Simi
2019-11-27 07:01 AM,AZUREGOS,CHECKED,Zodiackiller
2019-11-27 07:04 AM,KAZZAK,CHECKED,Lokomani
2019-11-27 08:01 AM,AZUREGOS,CHECKED,Op
2019-11-26 09:29 AM,AZUREGOS,RESET,Bran
2019-11-26 09:29 AM,KAZZAK,RESET,Bran
2019-11-27 07:06 AM,KAZZAK,SPAWN,Bran
2019-11-27 07:19 AM,KAZZAK,KILLED,Bran
2019-11-27 08:34 AM,AZUREGOS,CHECKED,Op
2019-11-27 09:05 AM,AZUREGOS,CHECKED,Op
2019-11-27 09:30 AM,AZUREGOS,CHECKED,Op
2019-11-27 10:02 AM,AZUREGOS,CHECKED,Op
2019-11-27 10:29 AM,AZUREGOS,CHECKED,Bashna
2019-11-27 10:53 AM,AZUREGOS,CHECKED,Bashna
2019-11-27 11:00 AM,AZUREGOS,CHECKED,Op
2019-11-27 11:30 AM,AZUREGOS,CHECKED,Op
2019-11-27 12:00 PM,AZUREGOS,CHECKED,Op
2019-11-27 12:30 PM,AZUREGOS,CHECKED,Op
2019-11-27 01:00 PM,AZUREGOS,CHECKED,Op
2019-11-27 01:30 PM,AZUREGOS,CHECKED,Op
2019-11-27 02:00 PM,AZUREGOS,CHECKED,Op
2019-11-27 02:32 PM,AZUREGOS,CHECKED,Op
2019-11-27 03:30 PM,AZUREGOS,CHECKED,Derok
2019-11-27 03:57 PM,AZUREGOS,CHECKED,Derok
2019-11-27 04:27 PM,AZUREGOS,CHECKED,Derok
2019-11-27 05:06 PM,AZUREGOS,CHECKED,Derok
2019-11-27 05:41 PM,AZUREGOS,CHECKED,Derok
2019-11-27 06:06 PM,AZUREGOS,CHECKED,Bodrin
2019-11-27 06:35 PM,AZUREGOS,SPAWN,Bran
2019-11-27 06:47 PM,AZUREGOS,KILLED,Bran
2019-11-21 10:46 AM,AZUREGOS,SPAWN,Bran
2019-11-21 07:12 PM,KAZZAK,SPAWN,Bran
2019-11-25 07:12 PM,KAZZAK,SPAWN,Bran
2019-11-26 06:20 AM,AZUREGOS,SPAWN,Bran
2019-11-20 07:10 AM,KAZZAK,RESET,Bran
2019-11-20 07:10 AM,AZUREGOS,RESET,Bran
2019-11-20 05:38 AM,AZUREGOS,SPAWN,Bran
2019-11-18 06:38 AM,AZUREGOS,SPAWN,Bran
2019-11-18 08:52 AM,AZUREGOS,KILLED,Bran
2019-11-19 04:08 AM,KAZZAK,SPAWN,Bran
2019-11-19 04:21 AM,KAZZAK,KILLED,Bran
2019-11-28 02:20 PM,KAZZAK,CHECKED,Op
2019-11-28 03:00 PM,KAZZAK,CHECKED,Op
2019-11-28 03:03 PM,AZUREGOS,CHECKED,Op
2019-11-28 03:44 PM,KAZZAK,CHECKED,Banx
2019-11-28 07:50 PM,KAZZAK,CHECKED,Derok
2019-11-28 08:26 PM,KAZZAK,CHECKED,Derok
2019-11-28 08:55 PM,KAZZAK,CHECKED,Derok
2019-11-28 09:26 PM,KAZZAK,CHECKED,Derok
2019-11-28 09:56 PM,KAZZAK,CHECKED,Derok
2019-11-28 10:37 PM,KAZZAK,CHECKED,Slayerseth
2019-11-28 11:33 PM,KAZZAK,CHECKED,Lokomani
2019-11-29 12:17 AM,KAZZAK,CHECKED,Drum
2019-11-29 12:59 AM,KAZZAK,CHECKED,Lokomani
2019-11-29 07:47 AM,AZUREGOS,CHECKED,Derok
2019-11-29 08:15 AM,AZUREGOS,CHECKED,Zodiackiller
2019-11-29 09:31 AM,AZUREGOS,CHECKED,Zodiackiller
2019-11-29 10:50 AM,AZUREGOS,CHECKED,Zodiackiller
2019-11-29 11:22 AM,AZUREGOS,CHECKED,Zodiackiller
2019-11-29 12:00 PM,AZUREGOS,CHECKED,Drum
2019-11-29 12:45 PM,AZUREGOS,CHECKED,Drum
2019-11-29 01:08 PM,KAZZAK,CHECKED,Tore
2019-11-29 01:20 PM,AZUREGOS,CHECKED,Tristessa
2019-11-29 01:49 PM,AZUREGOS,CHECKED,Drum
2019-11-29 02:38 PM,AZUREGOS,CHECKED,Drum
2019-11-29 02:10 AM,KAZZAK,SPAWN,Bran
2019-11-29 02:32 AM,KAZZAK,KILLED,Bran
2019-11-28 03:47 PM,AZUREGOS,SPAWN,Bran
2019-11-28 04:26 PM,AZUREGOS,KILLED,Bran
2019-11-29 05:27 PM,AZUREGOS,CHECKED,Tristessa
2019-11-29 06:16 PM,AZUREGOS,CHECKED,Zodiackiller
2019-11-29 06:54 PM,KAZZAK,CHECKED,Lokomani
2019-11-29 06:55 PM,AZUREGOS,CHECKED,Zodiackiller
2019-11-29 07:30 PM,AZUREGOS,CHECKED,Zodiackiller
2019-11-29 08:23 PM,AZUREGOS,CHECKED,Drum
2019-11-29 09:47 PM,AZUREGOS,CHECKED,Derok
2019-11-29 10:31 PM,AZUREGOS,CHECKED,Derok
2019-11-29 11:01 PM,AZUREGOS,CHECKED,Derok
2019-11-29 11:37 PM,AZUREGOS,CHECKED,Derok
2019-11-30 12:05 AM,AZUREGOS,CHECKED,Derok
2019-11-30 12:30 AM,KAZZAK,CHECKED,Lokomani
2019-11-30 12:32 AM,AZUREGOS,CHECKED,Derok
2019-11-30 01:27 AM,AZUREGOS,CHECKED,Derok
2019-11-30 01:34 AM,KAZZAK,CHECKED,Derok
2019-11-30 02:02 AM,AZUREGOS,CHECKED,Derok
2019-11-30 02:03 AM,KAZZAK,CHECKED,Butterboy
2019-11-30 02:34 AM,AZUREGOS,CHECKED,Derok
2019-11-30 02:36 AM,KAZZAK,CHECKED,Butterboy
2019-11-30 03:16 AM,AZUREGOS,CHECKED,Derok
2019-11-30 03:24 AM,KAZZAK,CHECKED,Butterboy
2019-11-30 04:00 AM,AZUREGOS,CHECKED,riss
2019-11-30 04:09 AM,KAZZAK,CHECKED,Butterboy
2019-11-30 04:31 AM,AZUREGOS,CHECKED,riss
2019-11-30 04:44 AM,KAZZAK,CHECKED,Butterboy
2019-11-30 05:00 AM,AZUREGOS,CHECKED,riss
2019-11-30 05:20 AM,KAZZAK,CHECKED,Butterboy
2019-11-30 05:30 AM,AZUREGOS,CHECKED,riss
2019-11-30 05:35 AM,KAZZAK,CHECKED,Butterboy
2019-11-30 06:00 AM,AZUREGOS,CHECKED,riss
2019-11-30 06:17 AM,KAZZAK,CHECKED,Derok
2019-11-30 06:30 AM,AZUREGOS,CHECKED,riss
2019-11-30 06:47 AM,KAZZAK,CHECKED,Kainslayer
2019-11-30 07:00 AM,AZUREGOS,CHECKED,riss
2019-11-30 07:33 AM,AZUREGOS,CHECKED,riss
2019-11-30 07:34 AM,KAZZAK,CHECKED,Kainslayer
2019-11-30 08:00 AM,KAZZAK,CHECKED,riss
2019-11-30 08:00 AM,AZUREGOS,CHECKED,riss
2019-11-30 08:36 AM,AZUREGOS,CHECKED,Zodiackiller
2019-11-30 09:02 AM,AZUREGOS,CHECKED,Zodiackiller
2019-11-30 09:16 AM,KAZZAK,CHECKED,Lokomani
2019-11-30 09:29 AM,AZUREGOS,CHECKED,Zodiackiller
2019-11-30 10:00 AM,AZUREGOS,CHECKED,Zodiackiller
2019-11-30 10:32 AM,AZUREGOS,CHECKED,Zodiackiller
2019-11-30 10:38 AM,KAZZAK,CHECKED,Ooze
2019-11-30 11:05 AM,AZUREGOS,CHECKED,Livewire
2019-11-30 11:34 AM,AZUREGOS,CHECKED,Livewire
2019-11-30 12:07 PM,AZUREGOS,CHECKED,Livewire
2019-11-30 12:23 PM,KAZZAK,CHECKED,Lokomani
2019-11-30 12:39 PM,AZUREGOS,CHECKED,Livewire
2019-11-30 12:48 PM,AZUREGOS,CHECKED,Livewire
2019-11-30 12:49 PM,KAZZAK,CHECKED,Lokomani
2019-11-30 12:49 PM,KAZZAK,CHECKED,Bashna
2019-11-30 12:52 PM,AZUREGOS,CHECKED,Drum
2019-11-30 01:06 PM,AZUREGOS,CHECKED,Livewire
2019-11-30 01:35 PM,AZUREGOS,CHECKED,Livewire
2019-11-30 02:09 PM,AZUREGOS,CHECKED,Livewire
2019-11-30 02:12 PM,KAZZAK,CHECKED,Derok
2019-11-30 02:22 PM,KAZZAK,CHECKED,Smoothie
2019-11-30 02:31 PM,AZUREGOS,CHECKED,Livewire
2019-11-30 03:06 PM,KAZZAK,CHECKED,Smoothie
2019-11-30 03:10 PM,AZUREGOS,CHECKED,Derok
2019-11-30 03:38 PM,AZUREGOS,CHECKED,Derok
2019-11-30 03:51 PM,AZUREGOS,CHECKED,Derok
2019-11-30 03:55 PM,AZUREGOS,CHECKED,Drum
2019-11-30 04:23 PM,KAZZAK,CHECKED,Lokomani
2019-11-30 04:36 PM,AZUREGOS,CHECKED,Livewire
2019-11-30 04:37 PM,KAZZAK,CHECKED,Arbok
2019-11-30 05:13 PM,KAZZAK,CHECKED,Lokomani
2019-11-30 05:13 PM,AZUREGOS,CHECKED,Derok
2019-11-30 05:50 PM,AZUREGOS,CHECKED,Derok
2019-11-30 06:10 PM,AZUREGOS,CHECKED,Drum
2019-11-30 06:35 PM,AZUREGOS,CHECKED,Derok
2019-11-30 08:06 PM,KAZZAK,CHECKED,Kainslayer
2019-11-30 09:07 PM,KAZZAK,CHECKED,Kainslayer
2019-11-30 10:11 PM,AZUREGOS,CHECKED,Drum
2019-11-30 10:57 PM,AZUREGOS,CHECKED,Derok
2019-11-30 11:36 PM,AZUREGOS,CHECKED,Bodrin
2019-11-30 11:49 PM,KAZZAK,CHECKED,Lokomani
2019-12-01 12:08 AM,AZUREGOS,CHECKED,Bodrin
2019-12-01 12:19 AM,KAZZAK,CHECKED,Lokomani
2019-12-01 12:37 AM,AZUREGOS,CHECKED,Zodiackiller
2019-12-01 12:37 AM,AZUREGOS,CHECKED,Bodrin
2019-12-01 12:44 AM,KAZZAK,CHECKED,Banx
2019-12-01 01:07 AM,AZUREGOS,CHECKED,Bodrin
2019-12-01 01:36 AM,KAZZAK,CHECKED,Butterboy
2019-12-01 01:41 AM,AZUREGOS,CHECKED,Zodiackiller
2019-12-01 01:59 AM,AZUREGOS,CHECKED,Goob
2019-12-01 02:18 AM,KAZZAK,CHECKED,Butterboy
2019-12-01 02:26 AM,AZUREGOS,CHECKED,Zodiackiller
2019-12-01 02:53 AM,AZUREGOS,CHECKED,Zodiackiller
2019-12-01 03:20 AM,AZUREGOS,CHECKED,Zodiackiller
2019-12-01 03:32 AM,KAZZAK,CHECKED,Jessejay
2019-12-01 03:48 AM,AZUREGOS,CHECKED,Zodiackiller
2019-12-01 04:01 AM,KAZZAK,CHECKED,Kainslayer
2019-12-01 04:16 AM,AZUREGOS,CHECKED,Zodiackiller
2019-12-01 04:35 AM,AZUREGOS,CHECKED,Goob
2019-12-01 04:55 AM,KAZZAK,CHECKED,Kainslayer
2019-12-01 04:56 AM,AZUREGOS,CHECKED,Goob
2019-12-01 05:22 AM,AZUREGOS,CHECKED,Zodiackiller
2019-12-01 05:31 AM,KAZZAK,CHECKED,Kainslayer
2019-12-01 05:46 AM,AZUREGOS,CHECKED,Goob
2019-12-01 06:01 AM,KAZZAK,CHECKED,Kainslayer
2019-12-01 06:08 AM,KAZZAK,CHECKED,Op
2019-12-01 06:09 AM,AZUREGOS,CHECKED,Op
2019-12-01 06:32 AM,KAZZAK,CHECKED,Kainslayer
2019-12-01 06:37 AM,AZUREGOS,CHECKED,Zodiackiller
2019-12-01 06:56 AM,KAZZAK,CHECKED,Kainslayer
2019-12-01 07:06 AM,AZUREGOS,CHECKED,Zodiackiller
2019-12-01 07:32 AM,KAZZAK,CHECKED,Kainslayer
2019-12-01 07:35 AM,AZUREGOS,CHECKED,Zodiackiller
2019-12-01 08:02 AM,AZUREGOS,CHECKED,Zodiackiller
2019-12-01 08:22 AM,KAZZAK,CHECKED,Gameblouses
2019-12-01 08:30 AM,AZUREGOS,CHECKED,Op
2019-12-01 09:00 AM,AZUREGOS,CHECKED,Op
2019-12-01 09:38 AM,KAZZAK,CHECKED,Gameblouses
2019-12-01 10:16 AM,AZUREGOS,CHECKED,Drum
2019-12-01 11:00 AM,AZUREGOS,CHECKED,Drum
2019-12-01 12:31 PM,KAZZAK,CHECKED,Op
2019-12-01 12:32 PM,AZUREGOS,CHECKED,Op
2019-12-01 12:51 PM,AZUREGOS,CHECKED,Goob
2019-12-01 01:00 PM,AZUREGOS,CHECKED,Op
2019-12-01 01:00 PM,KAZZAK,CHECKED,Op
2019-12-01 01:13 PM,AZUREGOS,CHECKED,Drum
2019-12-01 01:30 PM,KAZZAK,CHECKED,Op
2019-12-01 01:30 PM,AZUREGOS,CHECKED,Op
2019-12-01 02:00 PM,KAZZAK,CHECKED,Op
2019-12-01 02:00 PM,AZUREGOS,CHECKED,Op
2019-12-01 02:22 PM,AZUREGOS,SPAWN,Bran
2019-12-01 02:34 PM,AZUREGOS,KILLED,Flop
2019-12-01 03:58 PM,KAZZAK,CHECKED,Butterboy
2019-12-01 04:30 PM,KAZZAK,CHECKED,Op
2019-12-01 05:00 PM,KAZZAK,CHECKED,Op
2019-12-01 05:06 PM,KAZZAK,CHECKED,Ogopogo
2019-12-01 05:07 PM,AZUREGOS,CHECKED,Willboof
2019-12-01 05:31 PM,KAZZAK,CHECKED,Butterboy
2019-12-01 07:12 PM,KAZZAK,CHECKED,Butterboy
2019-12-01 08:42 PM,KAZZAK,CHECKED,Banx
2019-12-01 09:11 PM,KAZZAK,CHECKED,Butterboy
2019-12-01 09:41 PM,KAZZAK,CHECKED,Lokomani
2019-12-01 10:30 PM,KAZZAK,CHECKED,Lokomani
2019-12-01 10:52 PM,KAZZAK,CHECKED,Butterboy
2019-12-01 11:19 PM,AZUREGOS,CHECKED,ApachePrime
2019-12-02 12:25 AM,KAZZAK,CHECKED,Butterboy
2019-12-02 01:41 AM,KAZZAK,CHECKED,Butterboy
2019-12-02 02:40 AM,KAZZAK,CHECKED,nextgen
2019-12-02 03:08 AM,KAZZAK,CHECKED,Ogopogo
2019-12-02 03:44 AM,KAZZAK,CHECKED,nextgen
2019-12-02 04:15 AM,KAZZAK,CHECKED,Msa
2019-12-02 04:19 AM,AZUREGOS,CHECKED,Willboof
2019-12-02 04:39 AM,KAZZAK,CHECKED,Zizzo
2019-12-02 05:01 AM,KAZZAK,CHECKED,Goob
2019-12-02 05:05 AM,AZUREGOS,CHECKED,Blakeatron
2019-12-02 05:40 AM,AZUREGOS,CHECKED,Durtgrub
2019-12-02 05:47 AM,KAZZAK,CHECKED,riss
2019-12-02 06:10 AM,AZUREGOS,CHECKED,Durtgrub
2019-12-02 06:10 AM,KAZZAK,CHECKED,riss
2019-12-02 06:26 AM,KAZZAK,CHECKED,riss
2019-12-02 06:30 AM,AZUREGOS,CHECKED,Durtgrub
2019-12-02 06:48 AM,AZUREGOS,CHECKED,Durtgrub
2019-12-02 06:56 AM,KAZZAK,CHECKED,Msa
2019-12-02 07:22 AM,AZUREGOS,CHECKED,ApachePrime
2019-12-02 07:46 AM,KAZZAK,CHECKED,Msa
2019-12-02 08:03 AM,AZUREGOS,CHECKED,Op
2019-12-02 08:03 AM,KAZZAK,CHECKED,Op
2019-12-02 08:30 AM,AZUREGOS,CHECKED,Op
2019-12-02 08:30 AM,KAZZAK,CHECKED,Op
2019-12-02 09:00 AM,AZUREGOS,CHECKED,Op
2019-12-02 09:00 AM,KAZZAK,CHECKED,Op
2019-12-02 09:30 AM,KAZZAK,CHECKED,Op
2019-12-02 09:31 AM,AZUREGOS,CHECKED,Op
2019-12-02 11:00 AM,AZUREGOS,CHECKED,Op
2019-12-02 11:00 AM,KAZZAK,CHECKED,Op
2019-12-02 11:30 AM,KAZZAK,CHECKED,Op
2019-12-02 11:30 AM,AZUREGOS,CHECKED,Op
2019-12-02 12:00 PM,AZUREGOS,CHECKED,Op
2019-12-02 12:00 PM,KAZZAK,CHECKED,Op
2019-12-02 12:20 PM,KAZZAK,CHECKED,Eldrimoth
2019-12-02 12:54 PM,KAZZAK,CHECKED,Eldrimoth
2019-12-02 01:31 PM,KAZZAK,CHECKED,Kainslayer
2019-12-02 01:59 PM,KAZZAK,CHECKED,Kainslayer
2019-12-02 02:00 PM,AZUREGOS,CHECKED,Op
2019-12-02 02:30 PM,AZUREGOS,CHECKED,Op
2019-12-02 02:30 PM,KAZZAK,CHECKED,Op
2019-12-02 03:01 PM,AZUREGOS,CHECKED,Simi
2019-12-02 03:04 PM,KAZZAK,CHECKED,Kainslayer
2019-12-02 03:31 PM,KAZZAK,CHECKED,Kainslayer
2019-12-02 04:19 PM,AZUREGOS,CHECKED,Maneuvers
2019-12-02 04:35 PM,KAZZAK,CHECKED,Banx
2019-12-02 04:52 PM,AZUREGOS,CHECKED,Maneuvers
2019-12-02 04:57 PM,KAZZAK,CHECKED,Butterboy
2019-12-02 04:57 PM,KAZZAK,CHECKED,Eldrimoth
2019-12-02 06:07 PM,AZUREGOS,CHECKED,loganiscool
2019-12-02 06:08 PM,KAZZAK,CHECKED,Butterboy
2019-12-02 06:25 PM,KAZZAK,CHECKED,Ogopogo
2019-12-02 06:43 PM,AZUREGOS,CHECKED,Zodiackiller
2019-12-02 07:11 PM,AZUREGOS,CHECKED,Zodiackiller
2019-12-02 07:19 PM,AZUREGOS,CHECKED,Papiloco
2019-12-02 07:27 PM,AZUREGOS,CHECKED,loganiscool
2019-12-02 07:40 PM,KAZZAK,CHECKED,Ogopogo
2019-12-02 07:43 PM,AZUREGOS,CHECKED,Papiloco
2019-12-02 08:01 PM,AZUREGOS,CHECKED,Papiloco
2019-12-02 08:04 PM,KAZZAK,CHECKED,Ogopogo
2019-12-02 08:05 PM,AZUREGOS,CHECKED,loganiscool
2019-12-03 12:21 AM,AZUREGOS,CHECKED,riss
2019-12-03 12:47 AM,AZUREGOS,CHECKED,riss
2019-12-03 08:52 AM,KAZZAK,CHECKED,Op
2019-12-03 08:52 AM,AZUREGOS,CHECKED,Op
2019-12-03 10:00 AM,AZUREGOS,CHECKED,Op
2019-12-03 10:00 AM,KAZZAK,CHECKED,Op
2019-12-03 10:30 AM,AZUREGOS,CHECKED,Op
2019-12-03 10:30 AM,KAZZAK,CHECKED,Op
2019-12-03 10:43 AM,AZUREGOS,CHECKED,Op
2019-12-03 10:43 AM,KAZZAK,CHECKED,Op
2019-12-03 12:12 PM,KAZZAK,CHECKED,Banx
2019-12-03 01:20 PM,KAZZAK,CHECKED,Banx
2019-12-03 02:36 AM,AZUREGOS,KILLED,Flop
2019-12-02 11:26 PM,KAZZAK,KILLED,Flop
2019-12-03 04:29 PM,KAZZAK,CHECKED,Kainslayer
2019-12-03 05:01 PM,KAZZAK,CHECKED,Kainslayer
2019-12-03 05:32 PM,KAZZAK,CHECKED,Kainslayer
2019-12-03 06:02 PM,AZUREGOS,CHECKED,ApachePrime
2019-12-03 06:12 PM,KAZZAK,CHECKED,Kainslayer
2019-12-03 06:31 PM,KAZZAK,CHECKED,Kainslayer
2019-12-03 07:47 PM,KAZZAK,CHECKED,Kainslayer
2019-12-03 08:29 PM,KAZZAK,CHECKED,Kainslayer
2019-12-03 09:06 PM,KAZZAK,CHECKED,Kainslayer
2019-12-03 09:40 PM,KAZZAK,CHECKED,Kainslayer
2019-12-03 09:58 PM,KAZZAK,CHECKED,Kainslayer
2019-12-03 11:49 PM,KAZZAK,KILLED,Flop
2019-12-03 11:53 PM,AZUREGOS,CHECKED,Zodiackiller
2019-12-04 12:21 AM,AZUREGOS,CHECKED,Zodiackiller
2019-12-04 12:56 AM,AZUREGOS,CHECKED,Zodiackiller
2019-12-04 01:18 AM,AZUREGOS,CHECKED,Elbodeep
2019-12-04 02:16 AM,AZUREGOS,CHECKED,Zodiackiller
2019-12-04 02:41 AM,AZUREGOS,CHECKED,Zodiackiller
2019-12-04 03:18 AM,AZUREGOS,CHECKED,Zodiackiller
2019-12-04 03:47 AM,AZUREGOS,CHECKED,Zodiackiller
2019-12-04 04:15 AM,AZUREGOS,CHECKED,Zodiackiller
2019-12-04 04:38 AM,AZUREGOS,CHECKED,Zodiackiller
2019-12-04 05:41 AM,AZUREGOS,CHECKED,Zodiackiller
2019-12-04 06:31 AM,AZUREGOS,KILLED,Flop
2019-12-04 09:09 AM,AZUREGOS,CHECKED,loganiscool
2019-12-04 09:37 AM,AZUREGOS,CHECKED,loganiscool
2019-12-04 10:03 AM,KAZZAK,CHECKED,Lokomani
2019-12-04 10:03 AM,AZUREGOS,CHECKED,loganiscool
2019-12-04 10:54 AM,AZUREGOS,CHECKED,loganiscool
2019-12-04 11:35 AM,AZUREGOS,CHECKED,loganiscool
2019-12-04 12:32 PM,KAZZAK,CHECKED,Op
2019-12-04 12:32 PM,AZUREGOS,CHECKED,Op
2019-12-04 01:06 PM,AZUREGOS,CHECKED,loganiscool
2019-12-04 01:30 PM,AZUREGOS,CHECKED,Op
2019-12-04 01:30 PM,KAZZAK,CHECKED,Op
2019-12-04 01:59 PM,AZUREGOS,CHECKED,loganiscool
2019-12-04 02:00 PM,KAZZAK,CHECKED,Op
2019-12-04 02:30 PM,AZUREGOS,CHECKED,Op
2019-12-04 02:30 PM,KAZZAK,CHECKED,Op
2019-12-04 02:34 PM,AZUREGOS,CHECKED,loganiscool
2019-12-04 03:00 PM,AZUREGOS,CHECKED,Op
2019-12-04 03:00 PM,KAZZAK,CHECKED,Op
2019-12-04 04:03 PM,AZUREGOS,CHECKED,loganiscool
2019-12-04 04:07 PM,KAZZAK,CHECKED,Lokomani
2019-12-04 05:58 PM,AZUREGOS,CHECKED,loganiscool
2019-12-04 05:58 PM,AZUREGOS,CHECKED,loganiscool
2019-12-04 06:03 PM,KAZZAK,CHECKED,Lokomani
2019-12-04 06:18 PM,AZUREGOS,CHECKED,loganiscool
2019-12-04 06:27 PM,AZUREGOS,CHECKED,loganiscool
2019-12-04 06:38 PM,KAZZAK,CHECKED,Lokomani
2019-12-04 06:50 PM,AZUREGOS,CHECKED,loganiscool
2019-12-04 07:01 PM,AZUREGOS,CHECKED,Willboof
2019-12-04 07:18 PM,AZUREGOS,CHECKED,loganiscool
2019-12-04 07:42 PM,KAZZAK,CHECKED,Lokomani
2019-12-04 08:08 PM,AZUREGOS,CHECKED,loganiscool
2019-12-04 08:15 PM,KAZZAK,CHECKED,Lokomani
2019-12-04 08:42 PM,KAZZAK,CHECKED,Lokomani
2019-12-04 10:32 PM,AZUREGOS,CHECKED,Zodiackiller
2019-12-04 10:38 PM,KAZZAK,CHECKED,Kainslayer
2019-12-04 11:14 PM,AZUREGOS,CHECKED,Zodiackiller
2019-12-04 11:45 PM,KAZZAK,CHECKED,Lokomani
2019-12-05 12:01 AM,AZUREGOS,CHECKED,Zodiackiller
2019-12-05 12:09 AM,KAZZAK,CHECKED,Lokomani
2019-12-05 12:39 AM,AZUREGOS,CHECKED,Zodiackiller
2019-12-05 01:14 AM,AZUREGOS,CHECKED,Zodiackiller
2019-12-05 01:48 AM,AZUREGOS,CHECKED,Zodiackiller
2019-12-05 02:20 AM,AZUREGOS,CHECKED,Zodiackiller
2019-12-05 02:21 AM,KAZZAK,CHECKED,Kainslayer
2019-12-05 02:50 AM,AZUREGOS,CHECKED,Zodiackiller
2019-12-05 02:51 AM,AZUREGOS,CHECKED,loganiscool
2019-12-05 02:56 AM,KAZZAK,CHECKED,Kainslayer
2019-12-05 03:25 AM,AZUREGOS,CHECKED,Zodiackiller
2019-12-05 03:54 AM,AZUREGOS,CHECKED,Zodiackiller
2019-12-05 04:16 AM,AZUREGOS,CHECKED,Zodiackiller
2019-12-05 04:44 AM,AZUREGOS,CHECKED,Zodiackiller
2019-12-05 05:15 AM,AZUREGOS,CHECKED,Zodiackiller
2019-12-05 05:43 AM,AZUREGOS,CHECKED,Zodiackiller
2019-12-05 06:08 AM,AZUREGOS,CHECKED,Durtgrub
2019-12-05 06:33 AM,KAZZAK,CHECKED,riss
2019-12-05 06:50 AM,AZUREGOS,CHECKED,Zodiackiller
2019-12-05 07:39 AM,AZUREGOS,CHECKED,Zodiackiller
2019-12-05 07:51 AM,KAZZAK,CHECKED,Lokomani
2019-12-05 08:36 AM,KAZZAK,CHECKED,Lokomani
2019-12-05 08:45 AM,AZUREGOS,CHECKED,Op
2019-12-05 09:00 AM,AZUREGOS,CHECKED,Op
2019-12-05 09:00 AM,KAZZAK,CHECKED,Op
2019-12-05 09:21 AM,AZUREGOS,CHECKED,Willboof
2019-12-05 09:30 AM,AZUREGOS,CHECKED,Op
2019-12-05 09:30 AM,KAZZAK,CHECKED,Op
2019-12-05 10:00 AM,KAZZAK,CHECKED,Op
2019-12-05 10:00 AM,AZUREGOS,CHECKED,Op
2019-12-05 10:30 AM,AZUREGOS,CHECKED,Op
2019-12-05 10:30 AM,KAZZAK,CHECKED,Op
2019-12-05 11:06 AM,KAZZAK,CHECKED,Kainslayer
2019-12-05 11:20 AM,AZUREGOS,CHECKED,loganiscool
2019-12-05 11:37 AM,KAZZAK,CHECKED,Op
2019-12-05 12:00 PM,KAZZAK,CHECKED,Op
2019-12-05 12:00 PM,AZUREGOS,CHECKED,Op
2019-12-05 12:04 PM,AZUREGOS,CHECKED,loganiscool
2019-12-05 01:00 PM,KAZZAK,CHECKED,Op
2019-12-05 01:00 PM,AZUREGOS,CHECKED,Op
2019-12-05 01:48 PM,AZUREGOS,CHECKED,loganiscool
2019-12-05 02:00 PM,KAZZAK,CHECKED,Op
2019-12-05 02:24 PM,AZUREGOS,CHECKED,loganiscool
2019-12-05 02:30 PM,AZUREGOS,CHECKED,Op
2019-12-05 02:30 PM,KAZZAK,CHECKED,Op
2019-12-05 03:00 PM,AZUREGOS,CHECKED,Op
2019-12-05 03:00 PM,KAZZAK,CHECKED,Op
2019-12-05 04:32 PM,KAZZAK,CHECKED,Lokomani
2019-12-05 05:23 PM,AZUREGOS,CHECKED,loganiscool
2019-12-05 06:04 PM,KAZZAK,CHECKED,Lokomani
2019-12-05 06:22 PM,AZUREGOS,CHECKED,loganiscool
2019-12-05 06:38 PM,KAZZAK,CHECKED,Lokomani
2019-12-05 06:44 PM,AZUREGOS,CHECKED,Willboof
2019-12-05 06:55 PM,AZUREGOS,CHECKED,loganiscool
2019-12-05 06:58 PM,KAZZAK,CHECKED,Lokomani
2019-12-05 07:20 PM,AZUREGOS,CHECKED,loganiscool
2019-12-05 07:32 PM,AZUREGOS,CHECKED,Zodiackiller
2019-12-05 07:49 PM,KAZZAK,CHECKED,Lokomani
2019-12-05 07:57 PM,AZUREGOS,CHECKED,loganiscool
2019-12-05 08:12 PM,AZUREGOS,CHECKED,loganiscool
2019-12-05 11:58 PM,AZUREGOS,CHECKED,loganiscool
2019-12-06 12:09 AM,AZUREGOS,CHECKED,Tore
2019-12-06 12:14 AM,KAZZAK,CHECKED,Lokomani
2019-12-06 12:28 AM,AZUREGOS,CHECKED,loganiscool
2019-12-06 01:35 AM,KAZZAK,CHECKED,Lokomani
2019-12-06 02:53 AM,AZUREGOS,CHECKED,loganiscool
2019-12-06 03:17 AM,KAZZAK,CHECKED,Kainslayer
2019-12-06 03:51 AM,AZUREGOS,CHECKED,loganiscool
2019-12-06 03:59 AM,KAZZAK,CHECKED,Kainslayer
2019-12-06 04:43 AM,KAZZAK,CHECKED,Kainslayer
2019-12-06 04:45 AM,AZUREGOS,CHECKED,loganiscool
2019-12-06 05:05 AM,KAZZAK,CHECKED,Kainslayer
2019-12-06 05:13 AM,AZUREGOS,CHECKED,loganiscool
2019-12-06 05:20 AM,AZUREGOS,CHECKED,loganiscool
2019-12-06 05:33 AM,KAZZAK,CHECKED,Kainslayer
2019-12-06 05:57 AM,AZUREGOS,CHECKED,loganiscool
2019-12-06 06:08 AM,KAZZAK,CHECKED,Kainslayer
2019-12-06 06:35 AM,KAZZAK,CHECKED,Kainslayer
2019-12-06 06:51 AM,AZUREGOS,CHECKED,loganiscool
2019-12-06 06:59 AM,KAZZAK,CHECKED,Kainslayer
2019-12-06 07:29 AM,AZUREGOS,CHECKED,loganiscool
2019-12-06 07:43 AM,AZUREGOS,CHECKED,Durtgrub
2019-12-06 07:57 AM,AZUREGOS,CHECKED,Durtgrub
2019-12-06 08:00 AM,KAZZAK,CHECKED,Op
2019-12-06 08:00 AM,AZUREGOS,CHECKED,Op
2019-12-06 08:25 AM,AZUREGOS,CHECKED,loganiscool
2019-12-06 08:33 AM,AZUREGOS,CHECKED,Op
2019-12-06 08:33 AM,KAZZAK,CHECKED,Op
2019-12-06 09:00 AM,AZUREGOS,CHECKED,Op
2019-12-06 09:00 AM,KAZZAK,CHECKED,Op
2019-12-06 09:21 AM,AZUREGOS,CHECKED,Durtgrub
2019-12-06 09:22 AM,AZUREGOS,CHECKED,loganiscool
2019-12-06 09:26 AM,KAZZAK,CHECKED,Lokomani
2019-12-06 09:30 AM,AZUREGOS,CHECKED,Op
2019-12-06 09:30 AM,KAZZAK,CHECKED,Op
2019-12-06 09:35 AM,AZUREGOS,CHECKED,loganiscool
2019-12-06 10:00 AM,AZUREGOS,CHECKED,Op
2019-12-06 10:00 AM,KAZZAK,CHECKED,Op
2019-12-06 10:09 AM,AZUREGOS,CHECKED,loganiscool
2019-12-06 10:27 AM,AZUREGOS,CHECKED,Durtgrub
2019-12-06 10:36 AM,AZUREGOS,CHECKED,loganiscool
2019-12-06 11:04 AM,AZUREGOS,CHECKED,loganiscool
2019-12-06 11:40 AM,AZUREGOS,CHECKED,loganiscool
2019-12-06 12:22 PM,AZUREGOS,CHECKED,loganiscool
2019-12-06 12:42 PM,KAZZAK,CHECKED,Lokomani
2019-12-06 12:44 PM,KAZZAK,CHECKED,Kainslayer
2019-12-06 01:10 PM,AZUREGOS,CHECKED,loganiscool
2019-12-06 01:31 PM,KAZZAK,CHECKED,Lokomani
2019-12-06 03:09 PM,KAZZAK,CHECKED,Tore
2019-12-06 03:40 PM,KAZZAK,CHECKED,Kainslayer
2019-12-06 04:05 PM,KAZZAK,CHECKED,Kainslayer
2019-12-06 04:59 PM,KAZZAK,CHECKED,Kainslayer
2019-12-06 05:33 PM,KAZZAK,CHECKED,Kainslayer
2019-12-06 06:51 PM,KAZZAK,CHECKED,Kainslayer
2019-12-06 08:01 PM,AZUREGOS,CHECKED,loganiscool
2019-12-06 08:07 PM,KAZZAK,CHECKED,Kainslayer
2019-12-06 08:33 PM,AZUREGOS,CHECKED,loganiscool
2019-12-06 09:06 PM,KAZZAK,CHECKED,Autonomic
2019-12-06 09:14 PM,AZUREGOS,CHECKED,Tristessa
2019-12-06 09:51 PM,AZUREGOS,CHECKED,loganiscool
2019-12-06 10:54 PM,AZUREGOS,CHECKED,Tristessa
2019-12-06 11:17 PM,KAZZAK,CHECKED,Kainslayer
2019-12-06 11:39 PM,AZUREGOS,CHECKED,Slayerseth
2019-12-06 11:50 PM,KAZZAK,CHECKED,Kainslayer
2019-12-07 12:16 AM,AZUREGOS,CHECKED,Zodiackiller
2019-12-07 12:51 AM,AZUREGOS,CHECKED,Zodiackiller
2019-12-07 01:36 AM,AZUREGOS,CHECKED,Willboof
2019-12-07 02:17 AM,AZUREGOS,CHECKED,Zodiackiller
2019-12-07 02:25 AM,KAZZAK,CHECKED,Kainslayer
2019-12-07 02:51 AM,AZUREGOS,CHECKED,Zodiackiller
2019-12-07 03:06 AM,KAZZAK,CHECKED,Kainslayer
2019-12-07 03:26 AM,AZUREGOS,CHECKED,Zodiackiller
2019-12-07 03:26 AM,KAZZAK,CHECKED,Kainslayer
2019-12-07 03:55 AM,AZUREGOS,CHECKED,Zodiackiller
2019-12-07 04:16 AM,KAZZAK,CHECKED,Kainslayer
2019-12-07 04:22 AM,AZUREGOS,CHECKED,Zodiackiller
2019-12-07 04:44 AM,AZUREGOS,CHECKED,Zodiackiller
2019-12-07 04:54 AM,KAZZAK,CHECKED,nextgen
2019-12-07 05:21 AM,AZUREGOS,CHECKED,nextgen
2019-12-07 05:22 AM,KAZZAK,CHECKED,Kainslayer
2019-12-07 05:52 AM,AZUREGOS,CHECKED,nextgen
2019-12-07 05:59 AM,KAZZAK,CHECKED,Kainslayer
2019-12-07 06:39 AM,KAZZAK,CHECKED,Lokomani
2019-12-07 07:11 AM,AZUREGOS,CHECKED,Blakeatron
2019-12-07 07:49 AM,KAZZAK,CHECKED,Autonomic
2019-12-07 08:23 AM,AZUREGOS,CHECKED,Tristessa
2019-12-07 10:55 AM,AZUREGOS,CHECKED,Tristessa
2019-12-07 11:50 AM,KAZZAK,CHECKED,Autonomic
2019-12-07 11:50 AM,AZUREGOS,CHECKED,loganiscool
2019-12-07 12:23 PM,AZUREGOS,CHECKED,loganiscool
2019-12-07 01:35 PM,AZUREGOS,CHECKED,Tristessa
2019-12-07 01:47 PM,KAZZAK,CHECKED,Autonomic
2019-12-07 01:58 PM,AZUREGOS,CHECKED,Durtgrub
2019-12-07 02:45 PM,AZUREGOS,CHECKED,loganiscool
2019-12-07 02:55 PM,KAZZAK,CHECKED,Kainslayer
2019-12-07 03:26 PM,AZUREGOS,CHECKED,loganiscool
2019-12-07 03:52 PM,KAZZAK,CHECKED,Lokomani
2019-12-07 04:21 PM,AZUREGOS,CHECKED,GeeZee
2019-12-07 04:59 PM,KAZZAK,CHECKED,Tore
2019-12-07 05:11 PM,AZUREGOS,CHECKED,Insane
2019-12-07 05:24 PM,KAZZAK,CHECKED,Tore
2019-12-07 05:58 PM,AZUREGOS,CHECKED,Blakeatron
2019-12-07 06:04 PM,KAZZAK,CHECKED,Kainslayer
2019-12-07 06:30 PM,KAZZAK,CHECKED,Kainslayer
2019-12-07 07:08 PM,KAZZAK,CHECKED,Kainslayer
2019-12-07 07:37 PM,KAZZAK,CHECKED,Kainslayer
2019-12-07 07:39 PM,AZUREGOS,CHECKED,Blakeatron
2019-12-07 08:10 PM,KAZZAK,CHECKED,Kainslayer
2019-12-07 08:21 PM,AZUREGOS,CHECKED,loganiscool
2019-12-07 08:56 PM,KAZZAK,CHECKED,Kainslayer
2019-12-07 10:21 PM,KAZZAK,CHECKED,Kainslayer
2019-12-07 11:11 PM,KAZZAK,CHECKED,Kainslayer
2019-12-08 12:00 AM,KAZZAK,CHECKED,Kainslayer
2019-12-08 12:30 AM,KAZZAK,CHECKED,Kainslayer
2019-12-08 01:15 AM,KAZZAK,CHECKED,Kainslayer
2019-12-08 01:54 AM,AZUREGOS,CHECKED,Tristessa
2019-12-08 02:19 AM,AZUREGOS,CHECKED,loganiscool
2019-12-08 02:08 AM,KAZZAK,KILLED,Autonomic
2019-12-08 04:12 AM,AZUREGOS,CHECKED,nextgen
2019-12-08 04:54 AM,AZUREGOS,CHECKED,Sowexy
2019-12-08 06:11 AM,AZUREGOS,CHECKED,Sowexy
2019-12-08 07:09 AM,AZUREGOS,CHECKED,riss
2019-12-08 07:14 AM,AZUREGOS,CHECKED,ApachePrime
2019-12-08 08:44 AM,AZUREGOS,CHECKED,Sowexy
2019-12-08 09:04 AM,AZUREGOS,CHECKED,riss
2019-12-08 09:43 AM,AZUREGOS,CHECKED,riss
2019-12-08 10:17 AM,AZUREGOS,CHECKED,riss
2019-12-08 10:44 AM,AZUREGOS,CHECKED,riss
2019-12-08 10:59 AM,AZUREGOS,CHECKED,loganiscool
2019-12-08 11:11 AM,AZUREGOS,CHECKED,riss
2019-12-08 11:28 AM,AZUREGOS,CHECKED,loganiscool
2019-12-08 11:49 AM,AZUREGOS,CHECKED,riss
2019-12-08 12:21 PM,AZUREGOS,CHECKED,riss
2019-12-08 12:57 PM,AZUREGOS,CHECKED,riss
2019-12-08 01:33 PM,AZUREGOS,CHECKED,riss
2019-12-08 02:01 PM,AZUREGOS,CHECKED,Exelark
2019-12-08 02:25 PM,AZUREGOS,CHECKED,riss
2019-12-08 03:04 PM,AZUREGOS,CHECKED,riss
2019-12-08 03:37 PM,AZUREGOS,CHECKED,riss
2019-12-08 03:57 PM,AZUREGOS,CHECKED,riss
2019-12-08 04:45 PM,AZUREGOS,CHECKED,riss
2019-12-08 05:24 PM,AZUREGOS,CHECKED,riss
2019-12-08 05:54 PM,AZUREGOS,CHECKED,Exelark
2019-12-08 05:54 PM,AZUREGOS,CHECKED,riss
2019-12-08 06:24 PM,AZUREGOS,CHECKED,riss
2019-12-08 06:58 PM,AZUREGOS,CHECKED,riss
2019-12-08 07:39 PM,AZUREGOS,CHECKED,Exelark
2019-12-08 08:29 PM,AZUREGOS,CHECKED,Exelark
2019-12-08 11:46 PM,AZUREGOS,CHECKED,Sowexy
2019-12-09 02:58 AM,AZUREGOS,KILLED,Autonomic
2019-12-09 06:12 AM,KAZZAK,CHECKED,Lokomani
2019-12-09 07:07 AM,KAZZAK,CHECKED,Lokomani
2019-12-09 08:03 AM,KAZZAK,CHECKED,Op
2019-12-09 08:30 AM,KAZZAK,CHECKED,Op
2019-12-09 08:58 AM,KAZZAK,CHECKED,Durtgrub
2019-12-09 09:30 AM,KAZZAK,CHECKED,Op
2019-12-09 10:02 AM,KAZZAK,CHECKED,Durtgrub
2019-12-09 10:30 AM,KAZZAK,CHECKED,Durtgrub
2019-12-09 10:58 AM,KAZZAK,CHECKED,Durtgrub
2019-12-09 12:01 PM,KAZZAK,CHECKED,Op
2019-12-09 12:01 PM,AZUREGOS,CHECKED,Op
2019-12-09 12:17 PM,KAZZAK,CHECKED,Unsteady
2019-12-09 12:34 PM,KAZZAK,CHECKED,Op
2019-12-09 12:34 PM,AZUREGOS,CHECKED,Op
2019-12-09 01:00 PM,KAZZAK,CHECKED,Op
2019-12-09 01:00 PM,AZUREGOS,CHECKED,Op
2019-12-09 01:32 PM,AZUREGOS,CHECKED,Op
2019-12-09 01:32 PM,KAZZAK,CHECKED,Op
2019-12-09 02:00 PM,KAZZAK,CHECKED,Op
2019-12-09 02:00 PM,AZUREGOS,CHECKED,Op
2019-12-09 03:00 PM,KAZZAK,CHECKED,Op
2019-12-09 03:00 PM,AZUREGOS,CHECKED,Op
2019-12-09 03:45 PM,KAZZAK,CHECKED,Unsteady
2019-12-09 05:19 PM,KAZZAK,CHECKED,Unsteady
2019-12-09 06:01 PM,KAZZAK,CHECKED,Lokomani
2019-12-09 06:52 PM,KAZZAK,CHECKED,Durtgrub
2019-12-09 07:42 PM,KAZZAK,CHECKED,Durtgrub
2019-12-09 07:59 PM,KAZZAK,CHECKED,Durtgrub
2019-12-09 09:45 PM,KAZZAK,CHECKED,Lokomani
2019-12-09 10:22 PM,AZUREGOS,CHECKED,nextgen
2019-12-09 10:38 PM,KAZZAK,CHECKED,Lokomani
2019-12-09 11:11 PM,KAZZAK,CHECKED,Kainslayer
2019-12-09 11:39 PM,KAZZAK,CHECKED,Kainslayer
2019-12-10 12:01 AM,KAZZAK,CHECKED,Kainslayer
2019-12-10 12:35 AM,KAZZAK,CHECKED,Kainslayer
2019-12-10 01:07 AM,KAZZAK,CHECKED,Lokomani
2019-12-10 01:32 AM,AZUREGOS,CHECKED,Êl
2019-12-10 01:42 AM,KAZZAK,CHECKED,Lokomani
2019-12-10 02:00 AM,KAZZAK,CHECKED,Lokomani
2019-12-10 02:19 AM,AZUREGOS,CHECKED,Êl
2019-12-10 02:51 AM,KAZZAK,CHECKED,Kainslayer
2019-12-10 03:20 AM,AZUREGOS,CHECKED,Êl
2019-12-10 03:24 AM,KAZZAK,CHECKED,Kainslayer
2019-12-10 03:53 AM,KAZZAK,CHECKED,Kainslayer
2019-12-10 04:06 AM,AZUREGOS,CHECKED,Êl
2019-12-10 04:26 AM,KAZZAK,CHECKED,magic
2019-12-10 05:13 AM,KAZZAK,CHECKED,magic
2019-12-10 05:19 AM,AZUREGOS,CHECKED,Êl
2019-12-10 05:39 AM,KAZZAK,CHECKED,Durtgrub
2019-12-10 06:02 AM,AZUREGOS,CHECKED,Êl
2019-12-10 06:07 AM,KAZZAK,CHECKED,Durtgrub
2019-12-11 01:21 PM,KAZZAK,CHECKED,Bran
2019-12-11 07:44 AM,KAZZAK,KILLED,Bran
2019-12-11 09:04 AM,AZUREGOS,KILLED,Bran
2019-12-11 01:25 PM,KAZZAK,CHECKED,Bran
2019-12-11 01:25 PM,AZUREGOS,CHECKED,Bran
2019-12-11 01:42 PM,KAZZAK,CHECKED,Bran
2019-12-11 02:01 PM,KAZZAK,CHECKED,Bran
2019-12-11 02:19 PM,KAZZAK,CHECKED,Bran
2019-12-12 07:01 AM,KAZZAK,CHECKED,Op
2019-12-12 07:01 AM,AZUREGOS,CHECKED,Op
2019-12-12 07:38 AM,KAZZAK,CHECKED,Op
2019-12-12 07:40 AM,AZUREGOS,CHECKED,Op
2019-12-12 08:01 AM,KAZZAK,CHECKED,Op
2019-12-12 08:01 AM,AZUREGOS,CHECKED,Op
2019-12-12 08:31 AM,KAZZAK,CHECKED,Op
2019-12-12 08:31 AM,AZUREGOS,CHECKED,Op
2019-12-12 09:00 AM,AZUREGOS,CHECKED,Op
2019-12-12 09:01 AM,KAZZAK,CHECKED,Op
2019-12-12 09:30 AM,AZUREGOS,CHECKED,Op
2019-12-12 09:30 AM,KAZZAK,CHECKED,Op
2019-12-12 10:00 AM,KAZZAK,CHECKED,Op
2019-12-12 10:00 AM,AZUREGOS,CHECKED,Op
2019-12-12 10:35 AM,KAZZAK,CHECKED,Op
2019-12-12 10:35 AM,AZUREGOS,CHECKED,Op
2019-12-12 11:30 AM,KAZZAK,CHECKED,Op
2019-12-12 11:30 AM,AZUREGOS,CHECKED,Op
2019-12-12 12:00 PM,AZUREGOS,CHECKED,Op
2019-12-12 12:00 PM,KAZZAK,CHECKED,Op
2019-12-12 03:31 PM,KAZZAK,CHECKED,Lokomani
2019-12-12 04:41 PM,KAZZAK,CHECKED,Lokomani
2019-12-12 05:11 PM,AZUREGOS,CHECKED,Êl
2019-12-12 08:41 PM,AZUREGOS,CHECKED,Durtgrub
2019-12-12 08:50 PM,KAZZAK,CHECKED,Lokomani
2019-12-12 09:22 PM,KAZZAK,CHECKED,Lokomani
2019-12-12 09:26 PM,AZUREGOS,CHECKED,Durtgrub
2019-12-12 09:35 PM,KAZZAK,CHECKED,Lokomani
2019-12-12 10:00 PM,AZUREGOS,CHECKED,Durtgrub
2019-12-12 10:40 PM,KAZZAK,CHECKED,Lokomani
2019-12-12 11:24 PM,KAZZAK,CHECKED,Lokomani
2019-12-13 01:03 AM,AZUREGOS,CHECKED,Êl
2019-12-13 02:02 AM,AZUREGOS,CHECKED,Êl
2019-12-13 02:46 AM,AZUREGOS,CHECKED,Êl
2019-12-13 03:21 AM,KAZZAK,CHECKED,Kainslayer
2019-12-13 03:37 AM,AZUREGOS,CHECKED,Durtgrub
2019-12-13 04:04 AM,KAZZAK,CHECKED,Kainslayer
2019-12-13 04:27 AM,KAZZAK,CHECKED,Lokomani
2019-12-13 04:30 AM,AZUREGOS,CHECKED,Êl
2019-12-13 05:20 AM,AZUREGOS,CHECKED,Êl
2019-12-13 05:38 AM,KAZZAK,CHECKED,Kainslayer
2019-12-13 06:03 AM,AZUREGOS,CHECKED,Durtgrub
2019-12-13 06:15 AM,KAZZAK,CHECKED,Kainslayer
2019-12-13 06:48 AM,KAZZAK,CHECKED,Kainslayer
2019-12-13 06:56 AM,AZUREGOS,CHECKED,Durtgrub
2019-12-13 07:08 AM,KAZZAK,CHECKED,Kainslayer
2019-12-13 07:24 AM,KAZZAK,CHECKED,Lokomani
2019-12-13 08:15 AM,AZUREGOS,CHECKED,Durtgrub
2019-12-13 08:34 AM,KAZZAK,CHECKED,Lokomani
2019-12-13 09:15 AM,AZUREGOS,CHECKED,Durtgrub
2019-12-13 09:45 AM,KAZZAK,CHECKED,Lokomani
2019-12-13 09:56 AM,AZUREGOS,CHECKED,Durtgrub
2019-12-13 10:43 AM,AZUREGOS,CHECKED,Durtgrub
2019-12-13 11:24 AM,AZUREGOS,CHECKED,Durtgrub
2019-12-13 11:59 AM,AZUREGOS,CHECKED,Durtgrub
2019-12-13 12:45 PM,AZUREGOS,CHECKED,Durtgrub
2019-12-13 01:11 PM,KAZZAK,CHECKED,Lokomani
2019-12-13 01:31 PM,AZUREGOS,CHECKED,Durtgrub
2019-12-13 02:11 PM,KAZZAK,CHECKED,Kainslayer
2019-12-13 02:14 PM,AZUREGOS,CHECKED,Durtgrub
2019-12-13 02:56 PM,KAZZAK,CHECKED,Tore
2019-12-13 03:22 PM,AZUREGOS,CHECKED,Êl
2019-12-13 03:24 PM,KAZZAK,CHECKED,Kainslayer
2019-12-13 04:27 PM,AZUREGOS,CHECKED,Êl
2019-12-13 05:04 PM,KAZZAK,CHECKED,Lokomani
2019-12-13 05:57 PM,KAZZAK,CHECKED,Lokomani
2019-12-13 06:00 PM,AZUREGOS,CHECKED,Êl
2019-12-13 06:30 PM,KAZZAK,CHECKED,Kainslayer
2019-12-13 06:55 PM,KAZZAK,CHECKED,Kainslayer
2019-12-13 08:02 PM,KAZZAK,CHECKED,Lokomani
2019-12-13 08:05 PM,AZUREGOS,CHECKED,Êl
2019-12-13 08:38 PM,KAZZAK,CHECKED,Lokomani
2019-12-13 09:05 PM,KAZZAK,CHECKED,Lokomani
2019-12-13 10:32 PM,AZUREGOS,CHECKED,Msa
2019-12-13 10:52 PM,KAZZAK,CHECKED,Lokomani
2019-12-14 12:50 AM,KAZZAK,CHECKED,Kainslayer
2019-12-14 01:32 AM,KAZZAK,CHECKED,Kainslayer
2019-12-14 01:59 AM,KAZZAK,CHECKED,Kainslayer
2019-12-14 02:27 AM,KAZZAK,CHECKED,Smoothie
2019-12-14 02:27 AM,AZUREGOS,CHECKED,Smoothie
2019-12-14 03:34 AM,KAZZAK,CHECKED,Kainslayer
2019-12-14 04:07 AM,KAZZAK,CHECKED,Kainslayer
2019-12-14 04:17 AM,AZUREGOS,CHECKED,Êl
2019-12-14 04:31 AM,KAZZAK,CHECKED,Kainslayer
2019-12-14 04:52 AM,KAZZAK,CHECKED,Kainslayer
2019-12-14 05:08 AM,AZUREGOS,CHECKED,Smoothie
2019-12-14 05:16 AM,KAZZAK,CHECKED,riss
2019-12-14 05:36 AM,KAZZAK,CHECKED,riss
2019-12-14 06:02 AM,KAZZAK,CHECKED,riss
2019-12-14 06:06 AM,AZUREGOS,CHECKED,Êl
2019-12-14 06:14 AM,AZUREGOS,CHECKED,Blakeatron
2019-12-14 06:28 AM,KAZZAK,CHECKED,riss
2019-12-14 06:31 AM,AZUREGOS,CHECKED,Durtgrub
2019-12-14 06:46 AM,KAZZAK,CHECKED,riss
2019-12-14 07:01 AM,AZUREGOS,CHECKED,Durtgrub
2019-12-14 07:39 AM,KAZZAK,CHECKED,Durtgrub
2019-12-14 07:39 AM,AZUREGOS,CHECKED,Durtgrub
2019-12-14 07:57 AM,AZUREGOS,CHECKED,Durtgrub
2019-12-14 07:57 AM,KAZZAK,CHECKED,Durtgrub
2019-12-14 08:16 AM,AZUREGOS,CHECKED,Bran
2019-12-14 08:41 AM,KAZZAK,CHECKED,Lokomani
2019-12-14 09:43 AM,KAZZAK,CHECKED,Lokomani
2019-12-14 10:16 AM,AZUREGOS,CHECKED,Zodiackiller
2019-12-14 10:39 AM,AZUREGOS,CHECKED,Êl
2019-12-14 10:32 AM,KAZZAK,KILLED,Autonomic
2019-12-14 01:27 PM,AZUREGOS,CHECKED,Êl
2019-12-14 02:33 PM,AZUREGOS,KILLED,Zizzo
2019-12-14 05:20 PM,KAZZAK,CHECKED,riss
2019-12-14 10:49 PM,KAZZAK,CHECKED,Lokomani
2019-12-15 02:41 AM,KAZZAK,CHECKED,Smoothie
2019-12-15 03:35 AM,AZUREGOS,CHECKED,Maneuvers
2019-12-15 04:00 AM,AZUREGOS,CHECKED,Maneuvers
2019-12-15 04:01 AM,KAZZAK,CHECKED,Smoothie
2019-12-15 07:07 AM,KAZZAK,CHECKED,Lokomani
2019-12-15 09:44 AM,KAZZAK,CHECKED,Lokomani
2019-12-15 11:57 AM,AZUREGOS,CHECKED,Zodiackiller
2019-12-15 01:17 PM,KAZZAK,CHECKED,Lokomani
2019-12-15 01:38 PM,AZUREGOS,CHECKED,nextgen
2019-12-15 02:07 PM,AZUREGOS,CHECKED,nextgen
2019-12-15 02:22 PM,AZUREGOS,CHECKED,Maneuvers
2019-12-15 02:45 PM,KAZZAK,CHECKED,Lokomani
2019-12-15 03:01 PM,AZUREGOS,CHECKED,Maneuvers
2019-12-15 03:17 PM,AZUREGOS,CHECKED,nextgen
2019-12-15 03:38 PM,AZUREGOS,CHECKED,Maneuvers
2019-12-15 05:34 PM,KAZZAK,CHECKED,Lokomani
2019-12-15 06:28 PM,AZUREGOS,CHECKED,Maneuvers
2019-12-15 06:40 PM,KAZZAK,CHECKED,Smoothie
2019-12-15 07:04 PM,KAZZAK,CHECKED,Lokomani
2019-12-15 07:27 PM,KAZZAK,CHECKED,Lokomani
2019-12-15 08:29 PM,KAZZAK,CHECKED,Lokomani
2019-12-15 09:22 PM,KAZZAK,CHECKED,Lokomani
2019-12-16 12:19 AM,AZUREGOS,CHECKED,Êl
2019-12-16 12:38 AM,KAZZAK,CHECKED,Kainslayer
2019-12-16 01:28 AM,KAZZAK,CHECKED,Kainslayer
2019-12-16 02:45 AM,KAZZAK,CHECKED,Maneuvers
2019-12-16 03:11 AM,KAZZAK,CHECKED,Maneuvers
2019-12-16 03:12 AM,KAZZAK,CHECKED,Willboof
2019-12-16 03:54 AM,KAZZAK,CHECKED,Butterboy
2019-12-16 04:35 AM,KAZZAK,CHECKED,Kainslayer
2019-12-16 06:29 AM,KAZZAK,CHECKED,Lokomani
2019-12-16 07:15 AM,AZUREGOS,CHECKED,Durtgrub
2019-12-16 07:21 AM,KAZZAK,CHECKED,Lokomani
2019-12-16 07:57 AM,AZUREGOS,CHECKED,Durtgrub
2019-12-16 07:58 AM,KAZZAK,CHECKED,Lokomani
2019-12-16 08:32 AM,AZUREGOS,CHECKED,Durtgrub
2019-12-16 09:12 AM,AZUREGOS,CHECKED,Durtgrub
2019-12-16 09:25 AM,KAZZAK,CHECKED,Maneuvers
2019-12-16 09:49 AM,AZUREGOS,CHECKED,Durtgrub
2019-12-16 10:16 AM,AZUREGOS,CHECKED,Durtgrub
2019-12-16 10:28 AM,KAZZAK,CHECKED,Lokomani
2019-12-16 11:02 AM,KAZZAK,CHECKED,Lokomani
2019-12-16 11:16 AM,AZUREGOS,CHECKED,Durtgrub
2019-12-16 11:36 AM,AZUREGOS,CHECKED,Durtgrub
2019-12-16 12:02 PM,KAZZAK,CHECKED,Lokomani
2019-12-16 12:12 PM,AZUREGOS,CHECKED,Durtgrub
2019-12-16 12:31 PM,KAZZAK,CHECKED,Lokomani
2019-12-16 12:49 PM,AZUREGOS,CHECKED,Durtgrub
2019-12-16 01:36 PM,KAZZAK,CHECKED,Lokomani
2019-12-16 01:58 PM,AZUREGOS,CHECKED,Durtgrub
2019-12-16 02:05 PM,KAZZAK,CHECKED,Lokomani
2019-12-16 02:36 PM,AZUREGOS,CHECKED,Durtgrub
2019-12-16 03:25 PM,AZUREGOS,CHECKED,Durtgrub
2019-12-16 04:20 PM,KAZZAK,CHECKED,Banx
2019-12-16 04:34 PM,AZUREGOS,CHECKED,Êl
2019-12-16 05:44 PM,KAZZAK,CHECKED,Lokomani
2019-12-16 06:17 PM,KAZZAK,CHECKED,Lokomani
2019-12-16 06:40 PM,KAZZAK,CHECKED,Lokomani
2019-12-16 06:45 PM,AZUREGOS,CHECKED,Durtgrub
2019-12-16 07:11 PM,KAZZAK,CHECKED,Smoothie
2019-12-16 08:00 PM,AZUREGOS,CHECKED,Êl
2019-12-16 08:05 PM,KAZZAK,CHECKED,Lokomani
2019-12-16 10:08 PM,KAZZAK,CHECKED,Lokomani
2019-12-16 10:44 PM,KAZZAK,CHECKED,Ogopogo
2019-12-16 11:32 PM,KAZZAK,CHECKED,Lokomani
2019-12-17 12:31 AM,AZUREGOS,CHECKED,Êl
2019-12-17 01:30 AM,AZUREGOS,CHECKED,Êl
2019-12-17 02:16 AM,AZUREGOS,CHECKED,Êl
2019-12-17 02:43 AM,AZUREGOS,CHECKED,Êl
2019-12-17 03:09 AM,KAZZAK,CHECKED,Kainslayer
2019-12-17 03:35 AM,AZUREGOS,CHECKED,Maneuvers
2019-12-17 03:36 AM,KAZZAK,CHECKED,Tore/Layv
2019-12-17 03:56 AM,KAZZAK,CHECKED,Kainslayer
2019-12-17 04:38 AM,KAZZAK,CHECKED,Kainslayer
2019-12-17 05:04 AM,KAZZAK,CHECKED,Kainslayer
2019-12-17 05:24 AM,AZUREGOS,CHECKED,Durtgrub
2019-12-17 05:26 AM,KAZZAK,CHECKED,Kainslayer
2019-12-17 05:56 AM,KAZZAK,CHECKED,Kainslayer
2019-12-17 05:59 AM,AZUREGOS,CHECKED,Durtgrub
2019-12-17 06:31 AM,AZUREGOS,CHECKED,Durtgrub
2019-12-17 06:39 AM,KAZZAK,CHECKED,Kainslayer
2019-12-17 10:02 AM,KAZZAK,CHECKED,Lokomani
2019-12-17 10:30 AM,AZUREGOS,CHECKED,Maneuvers
2019-12-17 10:33 AM,KAZZAK,CHECKED,Lokomani
2019-12-17 11:07 AM,AZUREGOS,CHECKED,Splüsh
2019-12-17 11:26 AM,AZUREGOS,CHECKED,Splüsh
2019-12-17 11:28 AM,KAZZAK,CHECKED,Tore/Layv
2019-12-17 12:04 PM,AZUREGOS,CHECKED,Durtgrub
2019-12-17 12:07 PM,KAZZAK,CHECKED,Lokomani
2019-12-17 12:36 PM,AZUREGOS,CHECKED,Durtgrub
2019-12-17 12:52 PM,AZUREGOS,CHECKED,Durtgrub
2019-12-17 01:56 PM,KAZZAK,CHECKED,Lokomani
2019-12-17 02:24 PM,AZUREGOS,CHECKED,Durtgrub
2019-12-17 02:34 PM,KAZZAK,CHECKED,Lokomani
2019-12-17 03:12 PM,KAZZAK,CHECKED,Lokomani
2019-12-17 04:18 PM,KAZZAK,CHECKED,Lokomani
2019-12-17 04:51 PM,AZUREGOS,CHECKED,Êl
2019-12-17 05:13 PM,KAZZAK,CHECKED,Lokomani
2019-12-17 05:52 PM,AZUREGOS,CHECKED,Êl
2019-12-17 05:53 PM,KAZZAK,CHECKED,Lokomani
2019-12-17 06:22 PM,AZUREGOS,CHECKED,Maneuvers
2019-12-17 07:30 PM,AZUREGOS,CHECKED,Durtgrub
2019-12-17 08:03 PM,AZUREGOS,CHECKED,Durtgrub
2019-12-17 07:20 PM,KAZZAK,KILLED,Zizzo
2019-12-17 08:53 PM,AZUREGOS,CHECKED,Smoothie
2019-12-17 10:06 PM,AZUREGOS,CHECKED,Smoothie
2019-12-17 10:55 PM,AZUREGOS,CHECKED,Smoothie
2019-12-17 11:21 PM,AZUREGOS,CHECKED,Smoothie
2019-12-17 11:51 PM,AZUREGOS,CHECKED,Willboof
2019-12-18 12:19 AM,AZUREGOS,CHECKED,Spooner
2019-12-18 12:44 AM,AZUREGOS,CHECKED,Spooner
2019-12-18 01:18 AM,AZUREGOS,CHECKED,Smoothie
2019-12-18 01:58 AM,AZUREGOS,CHECKED,Smoothie
2019-12-18 02:48 AM,AZUREGOS,CHECKED,Willboof
2019-12-18 02:55 AM,AZUREGOS,CHECKED,Smoothie
2019-12-18 03:34 AM,AZUREGOS,CHECKED,Smoothie
2019-12-18 04:23 AM,AZUREGOS,CHECKED,Smoothie
2019-12-18 05:00 AM,AZUREGOS,CHECKED,Lokomani
2019-12-18 05:31 AM,AZUREGOS,CHECKED,Durtgrub
2019-12-18 06:05 AM,AZUREGOS,CHECKED,Durtgrub
2019-12-18 06:49 AM,AZUREGOS,CHECKED,Durtgrub
2019-12-18 07:16 AM,AZUREGOS,CHECKED,Durtgrub
2019-12-18 08:36 AM,AZUREGOS,CHECKED,Splüsh
2019-12-18 09:39 AM,AZUREGOS,CHECKED,Durtgrub
2019-12-18 10:23 AM,AZUREGOS,CHECKED,Durtgrub
2019-12-18 11:32 AM,AZUREGOS,CHECKED,Durtgrub
2019-12-18 12:04 PM,AZUREGOS,CHECKED,Durtgrub
2019-12-18 12:40 PM,AZUREGOS,CHECKED,Durtgrub
2019-12-18 01:08 PM,AZUREGOS,CHECKED,Maneuvers
2019-12-18 01:33 PM,AZUREGOS,KILLED,Zizzo
2019-12-18 08:15 PM,KAZZAK,CHECKED,Maneuvers
2019-12-18 10:20 PM,KAZZAK,CHECKED,Lokomani
2019-12-18 10:25 PM,AZUREGOS,CHECKED,Maneuvers
2019-12-18 10:58 PM,AZUREGOS,CHECKED,Maneuvers
2019-12-18 10:58 PM,AZUREGOS,CHECKED,Maneuvers
2019-12-18 11:21 PM,KAZZAK,CHECKED,Lokomani
2019-12-19 03:51 AM,KAZZAK,CHECKED,Smoothie
2019-12-19 05:02 AM,KAZZAK,CHECKED,Smoothie
2019-12-19 06:17 AM,KAZZAK,CHECKED,Smoothie
2019-12-19 08:21 AM,KAZZAK,CHECKED,Smoothie
2019-12-19 09:15 AM,KAZZAK,CHECKED,Smoothie
2019-12-19 11:55 AM,KAZZAK,CHECKED,Lokomani
2019-12-19 04:03 PM,KAZZAK,CHECKED,Lokomani
2019-12-19 06:45 PM,KAZZAK,CHECKED,Lokomani
2019-12-19 09:05 PM,KAZZAK,CHECKED,Lokomani
2019-12-19 09:28 PM,AZUREGOS,CHECKED,Durtgrub
2019-12-19 09:34 PM,KAZZAK,CHECKED,Lokomani
2019-12-19 10:25 PM,AZUREGOS,CHECKED,Smoothie
2019-12-19 11:10 PM,AZUREGOS,CHECKED,Smoothie
2019-12-20 12:33 AM,AZUREGOS,CHECKED,Smoothie
2019-12-20 01:10 AM,KAZZAK,CHECKED,Kainslayer
2019-12-20 01:28 AM,AZUREGOS,CHECKED,Êl
2019-12-20 02:29 AM,AZUREGOS,CHECKED,Smoothie
2019-12-20 02:42 AM,KAZZAK,CHECKED,Kainslayer
2019-12-20 03:39 AM,AZUREGOS,CHECKED,Smoothie
2019-12-20 03:39 AM,KAZZAK,CHECKED,Kainslayer
2019-12-20 04:29 AM,KAZZAK,CHECKED,Kainslayer
2019-12-20 05:33 AM,KAZZAK,CHECKED,Kainslayer
2019-12-20 05:33 AM,AZUREGOS,CHECKED,Durtgrub
2019-12-20 06:02 AM,KAZZAK,CHECKED,Kainslayer
2019-12-20 06:07 AM,AZUREGOS,CHECKED,Durtgrub
2019-12-20 06:38 AM,KAZZAK,CHECKED,Kainslayer
2019-12-20 06:44 AM,AZUREGOS,CHECKED,Durtgrub
2019-12-20 07:21 AM,AZUREGOS,CHECKED,Durtgrub
2019-12-20 07:51 AM,AZUREGOS,CHECKED,Durtgrub
2019-12-20 08:02 AM,KAZZAK,CHECKED,Autonomic
2019-12-20 08:25 AM,AZUREGOS,CHECKED,Durtgrub
2019-12-20 08:45 AM,KAZZAK,CHECKED,Autonomic
2019-12-20 08:52 AM,AZUREGOS,CHECKED,Durtgrub
2019-12-20 09:22 AM,AZUREGOS,CHECKED,Durtgrub
2019-12-20 10:02 AM,AZUREGOS,CHECKED,Durtgrub
2019-12-20 10:05 AM,KAZZAK,CHECKED,Autonomic
2019-12-20 10:31 AM,AZUREGOS,CHECKED,Durtgrub
2019-12-20 11:00 AM,KAZZAK,CHECKED,Lokomani
2019-12-20 11:36 AM,KAZZAK,CHECKED,Lokomani
2019-12-20 11:40 AM,AZUREGOS,CHECKED,Lokomani
2019-12-20 12:06 PM,AZUREGOS,CHECKED,Lokomani
2019-12-20 12:06 PM,KAZZAK,CHECKED,Lokomani
2019-12-20 12:41 PM,AZUREGOS,CHECKED,Durtgrub
2019-12-20 01:23 PM,AZUREGOS,CHECKED,Durtgrub
2019-12-20 01:55 PM,AZUREGOS,CHECKED,Durtgrub
2019-12-20 02:31 PM,KAZZAK,CHECKED,Lokomani
2019-12-20 02:33 PM,AZUREGOS,CHECKED,Durtgrub
2019-12-20 02:56 PM,AZUREGOS,CHECKED,Durtgrub
2019-12-20 03:22 PM,AZUREGOS,CHECKED,Durtgrub
2019-12-20 03:58 PM,AZUREGOS,CHECKED,riss
2019-12-20 04:32 PM,AZUREGOS,CHECKED,riss
2019-12-20 05:02 PM,AZUREGOS,CHECKED,riss
2019-12-20 05:31 PM,AZUREGOS,CHECKED,riss
2019-12-20 05:43 PM,KAZZAK,CHECKED,Kainslayer
2019-12-20 06:05 PM,AZUREGOS,CHECKED,riss
2019-12-20 07:25 PM,AZUREGOS,CHECKED,riss
2019-12-20 08:49 PM,AZUREGOS,CHECKED,Smoothie
2019-12-20 09:42 PM,AZUREGOS,CHECKED,riss
2019-12-20 10:17 PM,KAZZAK,CHECKED,Smoothie
2019-12-20 11:22 PM,KAZZAK,CHECKED,Butterboy
2019-12-21 12:01 AM,AZUREGOS,CHECKED,riss
2019-12-21 12:51 AM,KAZZAK,CHECKED,Kainslayer
2019-12-21 01:11 AM,AZUREGOS,CHECKED,Smoothie
2019-12-21 02:04 AM,KAZZAK,CHECKED,Kainslayer
2019-12-21 02:04 AM,AZUREGOS,CHECKED,Smoothie
2019-12-21 02:33 AM,KAZZAK,CHECKED,Kainslayer
2019-12-21 03:15 AM,AZUREGOS,CHECKED,Smoothie
2019-12-21 03:32 AM,KAZZAK,CHECKED,Kainslayer
2019-12-21 04:40 AM,KAZZAK,CHECKED,Kainslayer
2019-12-21 04:44 AM,AZUREGOS,CHECKED,Smoothie
2019-12-21 05:00 AM,KAZZAK,CHECKED,Kainslayer
2019-12-21 05:37 AM,AZUREGOS,CHECKED,Smoothie
2019-12-21 06:51 AM,AZUREGOS,CHECKED,Smoothie
2019-12-21 07:29 AM,KAZZAK,CHECKED,Autonomic
2019-12-21 07:45 AM,AZUREGOS,CHECKED,Smoothie
2019-12-21 08:57 AM,AZUREGOS,CHECKED,Durtgrub
2019-12-21 09:18 AM,AZUREGOS,CHECKED,Durtgrub
2019-12-21 10:32 AM,AZUREGOS,CHECKED,Durtgrub
2019-12-21 11:03 AM,AZUREGOS,CHECKED,Durtgrub
2019-12-21 11:11 AM,KAZZAK,CHECKED,Ooze
2019-12-21 11:11 AM,KAZZAK,CHECKED,Butterboy
2019-12-21 11:36 AM,AZUREGOS,CHECKED,riss
2019-12-21 11:59 AM,AZUREGOS,CHECKED,riss
2019-12-21 12:28 PM,AZUREGOS,CHECKED,riss
2019-12-21 01:15 PM,AZUREGOS,CHECKED,riss
2019-12-21 01:37 PM,AZUREGOS,CHECKED,Durtgrub
2019-12-21 01:35 PM,KAZZAK,KILLED,Autonomic
2019-12-21 02:59 PM,AZUREGOS,CHECKED,riss
2019-12-21 03:50 PM,AZUREGOS,CHECKED,riss
2019-12-21 04:31 PM,AZUREGOS,CHECKED,riss
2019-12-21 04:58 PM,AZUREGOS,CHECKED,riss
2019-12-21 05:26 PM,AZUREGOS,CHECKED,riss
2019-12-21 06:05 PM,AZUREGOS,CHECKED,riss
2019-12-21 06:49 PM,AZUREGOS,CHECKED,riss
2019-12-21 07:50 PM,AZUREGOS,CHECKED,riss
2019-12-21 09:05 PM,AZUREGOS,CHECKED,riss
2019-12-21 09:39 PM,AZUREGOS,CHECKED,riss
2019-12-21 09:56 PM,AZUREGOS,CHECKED,riss
2019-12-21 11:21 PM,AZUREGOS,CHECKED,riss
2019-12-22 01:14 AM,AZUREGOS,CHECKED,riss
2019-12-22 01:58 AM,AZUREGOS,CHECKED,Êl
2019-12-22 02:32 AM,AZUREGOS,CHECKED,Êl
2019-12-22 02:54 AM,AZUREGOS,CHECKED,Êl
2019-12-22 04:23 AM,AZUREGOS,CHECKED,Smoothie
2019-12-22 05:12 AM,AZUREGOS,CHECKED,Willboof
2019-12-22 05:33 AM,AZUREGOS,CHECKED,Papiloco
2019-12-22 06:04 AM,AZUREGOS,CHECKED,Durtgrub
2019-12-22 06:48 AM,AZUREGOS,CHECKED,Durtgrub
2019-12-22 07:35 AM,AZUREGOS,CHECKED,ApachePrime
2019-12-22 08:00 AM,AZUREGOS,KILLED,Autonomic
2019-12-22 05:35 PM,KAZZAK,CHECKED,Lokomani
2019-12-22 09:31 PM,KAZZAK,CHECKED,Lokomani
2019-12-23 01:11 PM,KAZZAK,CHECKED,Durtgrub
2019-12-23 02:50 PM,KAZZAK,CHECKED,Durtgrub
2019-12-23 04:19 PM,KAZZAK,CHECKED,Durtgrub
2019-12-23 04:49 PM,AZUREGOS,CHECKED,Maneuvers
2019-12-23 10:42 PM,AZUREGOS,CHECKED,Jessejay
2019-12-23 11:32 PM,KAZZAK,CHECKED,Butterboy
2019-12-24 12:16 AM,AZUREGOS,CHECKED,Êl
2019-12-24 01:00 AM,KAZZAK,CHECKED,Butterboy
2019-12-24 01:15 AM,AZUREGOS,CHECKED,Êl
2019-12-24 01:38 AM,AZUREGOS,CHECKED,Êl
2019-12-24 04:05 AM,AZUREGOS,CHECKED,Durtgrub
2019-12-24 04:06 AM,KAZZAK,CHECKED,Durtgrub
2019-12-24 08:02 AM,KAZZAK,CHECKED,Durtgrub
2019-12-24 08:05 AM,AZUREGOS,CHECKED,Durtgrub
2019-12-24 08:49 AM,KAZZAK,CHECKED,Durtgrub
2019-12-24 08:49 AM,AZUREGOS,CHECKED,Durtgrub
2019-12-24 11:17 AM,AZUREGOS,CHECKED,Durtgrub
2019-12-24 11:17 AM,KAZZAK,CHECKED,Durtgrub
2019-12-24 11:52 AM,KAZZAK,CHECKED,Zizzo
2019-12-24 12:15 PM,KAZZAK,CHECKED,Lokomani
2019-12-24 12:57 PM,AZUREGOS,CHECKED,Durtgrub
2019-12-24 12:57 PM,KAZZAK,CHECKED,Durtgrub
2019-12-24 04:43 PM,KAZZAK,CHECKED,Banx
2019-12-24 05:26 PM,KAZZAK,CHECKED,Lokomani
2019-12-24 07:38 PM,KAZZAK,CHECKED,Lokomani
2019-12-24 07:54 PM,KAZZAK,CHECKED,Lokomani
2019-12-24 11:51 PM,AZUREGOS,CHECKED,Êl
2019-12-24 11:56 PM,KAZZAK,CHECKED,Butterboy
2019-12-25 12:16 AM,AZUREGOS,CHECKED,Êl
2019-12-25 02:26 AM,KAZZAK,CHECKED,Kainslayer
2019-12-25 03:05 AM,KAZZAK,CHECKED,Kainslayer
2019-12-25 04:01 AM,KAZZAK,CHECKED,Kainslayer
2019-12-25 04:10 AM,KAZZAK,CHECKED,Butterboy
2019-12-25 04:29 AM,KAZZAK,CHECKED,Kainslayer
2019-12-25 05:05 AM,KAZZAK,CHECKED,Butterboy
2019-12-25 05:27 AM,AZUREGOS,CHECKED,Durtgrub
2019-12-25 05:28 AM,KAZZAK,CHECKED,Durtgrub
2019-12-25 08:20 AM,KAZZAK,CHECKED,Lokomani
2019-12-25 10:18 AM,KAZZAK,CHECKED,Zizzo
2019-12-25 10:35 AM,KAZZAK,KILLED,Zizzo
2019-12-25 12:43 PM,AZUREGOS,KILLED,Zizzo
2019-12-26 08:07 AM,KAZZAK,CHECKED,Autonomic
2019-12-26 11:14 AM,KAZZAK,CHECKED,Autonomic
2019-12-26 05:38 PM,AZUREGOS,CHECKED,riss
2019-12-26 08:08 PM,AZUREGOS,CHECKED,riss
2019-12-26 08:51 PM,AZUREGOS,CHECKED,Durtgrub
2019-12-26 09:58 PM,AZUREGOS,CHECKED,Smoothie
2019-12-26 10:57 PM,AZUREGOS,CHECKED,Êl
2019-12-26 11:31 PM,AZUREGOS,CHECKED,Êl
2019-12-27 01:48 AM,AZUREGOS,CHECKED,Êl
2019-12-27 02:26 AM,KAZZAK,CHECKED,Butterboy
2019-12-27 03:24 AM,AZUREGOS,CHECKED,Durtgrub
2019-12-27 03:39 AM,KAZZAK,CHECKED,Butterboy
2019-12-27 05:04 AM,AZUREGOS,CHECKED,Êl
2019-12-27 06:27 AM,AZUREGOS,CHECKED,Durtgrub
2019-12-27 07:32 AM,AZUREGOS,CHECKED,Durtgrub
2019-12-27 07:47 AM,AZUREGOS,CHECKED,Durtgrub
2019-12-27 09:37 AM,AZUREGOS,CHECKED,Êl
2019-12-27 06:55 PM,AZUREGOS,CHECKED,Êl
2019-12-27 07:28 PM,AZUREGOS,CHECKED,Êl
2019-12-27 08:01 PM,AZUREGOS,CHECKED,Êl
2019-12-27 08:42 PM,AZUREGOS,CHECKED,Êl
2019-12-27 08:44 PM,KAZZAK,CHECKED,Lokomani
2019-12-27 09:42 PM,AZUREGOS,CHECKED,Êl
2019-12-27 10:09 PM,KAZZAK,CHECKED,Lokomani
2019-12-27 10:35 PM,AZUREGOS,CHECKED,Êl
2019-12-27 11:01 PM,KAZZAK,CHECKED,Lokomani
2019-12-27 11:06 PM,AZUREGOS,CHECKED,Êl
2019-12-28 02:16 AM,AZUREGOS,CHECKED,Willboof
2019-12-28 03:15 AM,KAZZAK,CHECKED,Butterboy
2019-12-28 04:08 AM,AZUREGOS,CHECKED,Willboof
2019-12-28 04:54 AM,KAZZAK,CHECKED,Lokomani
2019-12-28 05:13 AM,AZUREGOS,CHECKED,Êl
2019-12-28 06:11 AM,AZUREGOS,CHECKED,Willboof
2019-12-28 06:39 AM,AZUREGOS,CHECKED,Willboof
2019-12-28 07:05 AM,AZUREGOS,CHECKED,Willboof
2019-12-28 08:02 AM,AZUREGOS,CHECKED,Êl
2019-12-28 08:15 AM,KAZZAK,CHECKED,Lokomani
2019-12-28 08:35 AM,AZUREGOS,CHECKED,Êl
2019-12-28 09:09 AM,KAZZAK,CHECKED,Lokomani
2019-12-28 10:20 AM,AZUREGOS,CHECKED,Êl
2019-12-28 11:12 AM,AZUREGOS,CHECKED,Êl
2019-12-28 11:45 AM,AZUREGOS,CHECKED,Êl
2019-12-28 12:10 PM,KAZZAK,CHECKED,Lokomani
2019-12-28 12:24 PM,AZUREGOS,CHECKED,Willboof
2019-12-28 12:31 PM,KAZZAK,CHECKED,Lokomani
2019-12-28 01:05 PM,AZUREGOS,CHECKED,Willboof
2019-12-28 01:26 PM,KAZZAK,CHECKED,Kainslayer
2019-12-28 02:04 PM,AZUREGOS,CHECKED,Willboof
2019-12-28 02:12 PM,KAZZAK,CHECKED,Kainslayer
2019-12-28 02:39 PM,KAZZAK,CHECKED,Zizzo
2019-12-28 02:43 PM,AZUREGOS,CHECKED,Smoothie
2019-12-28 04:42 PM,AZUREGOS,CHECKED,Marroh
2019-12-28 05:39 PM,KAZZAK,CHECKED,Kainslayer
2019-12-28 06:01 PM,AZUREGOS,CHECKED,Smoothie
2019-12-28 06:14 PM,KAZZAK,CHECKED,Kainslayer
2019-12-28 07:37 PM,AZUREGOS,CHECKED,Durtgrub
2019-12-28 08:08 PM,AZUREGOS,CHECKED,Smoothie
2019-12-28 08:11 PM,KAZZAK,CHECKED,riss
2019-12-28 08:34 PM,AZUREGOS,CHECKED,Marroh
2019-12-28 08:59 PM,AZUREGOS,CHECKED,riss
2019-12-28 08:59 PM,KAZZAK,CHECKED,riss
2019-12-28 09:19 PM,AZUREGOS,CHECKED,Smoothie
2019-12-28 09:54 PM,KAZZAK,CHECKED,Lokomani
2019-12-28 10:07 PM,AZUREGOS,CHECKED,Êl
2019-12-28 10:28 PM,KAZZAK,CHECKED,Lokomani
2019-12-28 10:53 PM,KAZZAK,KILLED,Zizzo
2019-12-28 10:57 PM,AZUREGOS,CHECKED,Êl
2019-12-28 11:28 PM,AZUREGOS,CHECKED,Êl
2019-12-28 11:55 PM,AZUREGOS,CHECKED,Êl
2019-12-29 12:29 AM,AZUREGOS,CHECKED,Smoothie
2019-12-29 12:56 AM,AZUREGOS,CHECKED,Êl
2019-12-29 01:26 AM,AZUREGOS,CHECKED,Êl
2019-12-29 01:56 AM,AZUREGOS,CHECKED,Êl
2019-12-29 02:10 AM,AZUREGOS,CHECKED,riss
2019-12-29 03:05 AM,AZUREGOS,CHECKED,Marroh
2019-12-29 03:40 AM,AZUREGOS,CHECKED,Elbodeep
2019-12-29 04:35 AM,AZUREGOS,CHECKED,Elbodeep
2019-12-29 05:25 AM,AZUREGOS,CHECKED,riss
2019-12-29 06:01 AM,AZUREGOS,CHECKED,riss
2019-12-29 06:30 AM,AZUREGOS,CHECKED,riss
2019-12-29 08:12 AM,AZUREGOS,CHECKED,riss
2019-12-29 08:30 AM,AZUREGOS,CHECKED,Durtgrub
2019-12-29 08:53 AM,AZUREGOS,CHECKED,riss
2019-12-29 09:21 AM,AZUREGOS,CHECKED,riss
2019-12-29 09:46 AM,AZUREGOS,CHECKED,Durtgrub
2019-12-29 10:15 AM,AZUREGOS,CHECKED,Toxic
2019-12-29 11:02 AM,AZUREGOS,CHECKED,riss
2019-12-29 11:50 AM,AZUREGOS,CHECKED,Finalmint
2019-12-29 12:20 PM,AZUREGOS,CHECKED,Finalmint
2019-12-29 12:56 PM,AZUREGOS,CHECKED,Smoothie
2019-12-29 01:30 PM,AZUREGOS,CHECKED,Finalmint
2019-12-29 01:44 PM,AZUREGOS,CHECKED,riss
2019-12-29 02:13 PM,AZUREGOS,CHECKED,riss
2019-12-29 02:46 PM,AZUREGOS,CHECKED,Finalmint
2019-12-29 03:18 PM,AZUREGOS,CHECKED,Finalmint
2019-12-29 03:40 PM,AZUREGOS,CHECKED,riss
2019-12-29 04:09 PM,AZUREGOS,CHECKED,riss
2019-12-29 04:28 PM,AZUREGOS,CHECKED,riss
2019-12-29 05:06 PM,AZUREGOS,CHECKED,riss
2019-12-29 05:32 PM,AZUREGOS,CHECKED,riss
2019-12-29 06:01 PM,AZUREGOS,CHECKED,riss
2019-12-29 07:17 PM,AZUREGOS,CHECKED,riss
2019-12-29 07:56 PM,AZUREGOS,CHECKED,Finalmint
2019-12-29 08:53 PM,AZUREGOS,CHECKED,Zizzo
2019-12-29 10:23 PM,AZUREGOS,CHECKED,riss
2019-12-30 12:25 AM,AZUREGOS,CHECKED,riss
2019-12-30 01:22 AM,AZUREGOS,CHECKED,Smoothie
2019-12-30 02:24 AM,AZUREGOS,CHECKED,riss
2019-12-30 02:50 AM,AZUREGOS,CHECKED,riss
2019-12-30 03:49 AM,AZUREGOS,CHECKED,Smoothie
2019-12-30 04:08 AM,AZUREGOS,CHECKED,riss
2019-12-30 05:35 AM,AZUREGOS,CHECKED,Willboof
2019-12-30 06:13 AM,AZUREGOS,CHECKED,Smoothie
2019-12-30 06:43 AM,AZUREGOS,CHECKED,riss
2019-12-30 07:33 AM,AZUREGOS,CHECKED,Durtgrub
2019-12-30 08:07 AM,AZUREGOS,CHECKED,Durtgrub
2019-12-30 08:55 AM,AZUREGOS,CHECKED,Êl
2019-12-30 09:32 AM,AZUREGOS,CHECKED,Splüsh
2019-12-30 10:40 AM,AZUREGOS,KILLED,Zizzo
2019-12-30 01:37 PM,KAZZAK,CHECKED,Maneuvers
2019-12-30 02:36 PM,KAZZAK,CHECKED,Zizzo
2019-12-30 02:36 PM,AZUREGOS,CHECKED,Zizzo
2019-12-30 06:05 PM,KAZZAK,CHECKED,Smoothie
2019-12-30 07:36 PM,KAZZAK,CHECKED,Maneuvers
2019-12-30 08:27 PM,KAZZAK,CHECKED,Lokomani
2019-12-30 09:28 PM,KAZZAK,CHECKED,Reticence
2019-12-30 10:06 PM,KAZZAK,CHECKED,Reticence
2019-12-30 10:49 PM,KAZZAK,CHECKED,riss
2019-12-30 11:16 PM,KAZZAK,CHECKED,Lokomani
2019-12-31 12:19 AM,KAZZAK,CHECKED,Reticence
2019-12-31 02:06 AM,KAZZAK,CHECKED,Reticence
2019-12-31 05:26 AM,KAZZAK,CHECKED,Lokomani
2019-12-31 06:40 AM,KAZZAK,CHECKED,Autonomic
2019-12-31 07:28 AM,KAZZAK,CHECKED,Autonomic
2019-12-31 07:45 AM,AZUREGOS,CHECKED,Durtgrub
2019-12-31 08:13 AM,KAZZAK,CHECKED,Zizzo
2019-12-31 09:21 AM,AZUREGOS,CHECKED,Durtgrub
2019-12-31 09:42 AM,KAZZAK,CHECKED,Zizzo
2019-12-31 10:06 AM,AZUREGOS,CHECKED,Durtgrub
2019-12-31 12:22 PM,KAZZAK,CHECKED,Autonomic
2019-12-31 01:20 PM,AZUREGOS,CHECKED,Durtgrub
2019-12-31 01:40 PM,AZUREGOS,CHECKED,Durtgrub
2019-12-31 01:42 PM,KAZZAK,CHECKED,Autonomic
2019-12-31 02:49 PM,KAZZAK,CHECKED,Reticence
2019-12-31 03:33 PM,KAZZAK,CHECKED,Reticence
2019-12-31 03:50 PM,KAZZAK,CHECKED,Reticence
2019-12-31 04:43 PM,KAZZAK,CHECKED,Butterboy
2019-12-31 05:40 PM,KAZZAK,CHECKED,Lokomani
2019-12-31 06:02 PM,AZUREGOS,CHECKED,Smoothie
2019-12-31 06:06 PM,KAZZAK,CHECKED,Lokomani
2019-12-31 06:52 PM,KAZZAK,CHECKED,Marroh
2019-12-31 07:54 PM,AZUREGOS,CHECKED,Smoothie
2019-12-31 07:54 PM,KAZZAK,CHECKED,Lokomani
2019-12-31 08:43 PM,KAZZAK,CHECKED,Lokomani
2019-12-31 08:47 PM,AZUREGOS,CHECKED,Finalmint
2019-12-31 09:17 PM,KAZZAK,CHECKED,Lokomani
2019-12-31 09:25 PM,AZUREGOS,CHECKED,Finalmint
2019-12-31 09:43 PM,KAZZAK,CHECKED,Marroh
2019-12-31 09:55 PM,AZUREGOS,CHECKED,Finalmint
2019-12-31 09:59 PM,KAZZAK,CHECKED,Lokomani
2019-12-31 10:00 PM,AZUREGOS,CHECKED,Smoothie
2019-12-31 10:26 PM,KAZZAK,CHECKED,Lokomani
2019-12-31 10:53 PM,KAZZAK,CHECKED,Marroh
2019-12-31 10:55 PM,AZUREGOS,CHECKED,Finalmint
2019-12-31 11:30 PM,AZUREGOS,CHECKED,Finalmint
2019-12-31 11:44 PM,KAZZAK,CHECKED,Lokomani
2020-01-01 12:00 AM,AZUREGOS,CHECKED,Finalmint
2020-01-01 12:00 AM,KAZZAK,CHECKED,Lokomani
2020-01-01 12:32 AM,KAZZAK,CHECKED,Lokomani
2020-01-01 01:13 AM,KAZZAK,CHECKED,Marroh
2020-01-01 01:53 AM,KAZZAK,CHECKED,Marroh
2020-01-01 02:43 AM,AZUREGOS,CHECKED,Smoothie
2020-01-01 03:16 AM,KAZZAK,CHECKED,Butterboy
2020-01-01 04:45 AM,KAZZAK,CHECKED,Maneuvers
2020-01-01 05:07 AM,KAZZAK,CHECKED,Autonomic
2020-01-01 06:02 AM,KAZZAK,KILLED,Autonomic
2020-01-01 06:11 AM,AZUREGOS,CHECKED,Êl
2020-01-01 07:07 AM,AZUREGOS,CHECKED,Durtgrub
2020-01-01 07:42 AM,AZUREGOS,CHECKED,Durtgrub
2020-01-01 08:40 AM,AZUREGOS,CHECKED,Durtgrub
2020-01-01 09:19 AM,AZUREGOS,CHECKED,Durtgrub
2020-01-01 09:52 AM,AZUREGOS,CHECKED,Durtgrub
2020-01-01 10:07 AM,AZUREGOS,CHECKED,Durtgrub
2020-01-01 10:31 AM,AZUREGOS,CHECKED,Simi
2020-01-01 11:06 AM,AZUREGOS,CHECKED,Finalmint
2020-01-01 11:32 AM,AZUREGOS,CHECKED,Finalmint
2020-01-01 12:00 PM,AZUREGOS,CHECKED,Finalmint
2020-01-01 12:36 PM,AZUREGOS,CHECKED,Finalmint
2020-01-01 01:00 PM,AZUREGOS,CHECKED,Finalmint
2020-01-01 01:30 PM,AZUREGOS,CHECKED,Finalmint
2020-01-01 02:02 PM,AZUREGOS,CHECKED,Simi
2020-01-01 02:02 PM,AZUREGOS,CHECKED,Smoothie
2020-01-01 02:30 PM,AZUREGOS,CHECKED,Finalmint
2020-01-01 03:02 PM,AZUREGOS,CHECKED,Finalmint
2020-01-01 03:30 PM,AZUREGOS,CHECKED,Finalmint
2020-01-01 04:07 PM,AZUREGOS,CHECKED,Finalmint
2020-01-01 04:34 PM,AZUREGOS,KILLED,Zizzo
2020-01-02 08:25 AM,KAZZAK,CHECKED,Autonomic
2020-01-02 10:29 AM,KAZZAK,CHECKED,Autonomic
2020-01-02 10:53 AM,KAZZAK,CHECKED,Zizzo
2020-01-02 12:19 PM,KAZZAK,CHECKED,Zizzo
2020-01-02 01:06 PM,KAZZAK,CHECKED,Zizzo
2020-01-02 01:35 PM,KAZZAK,CHECKED,Lokomani
2020-01-02 01:50 PM,KAZZAK,CHECKED,trojjan
2020-01-02 02:15 PM,KAZZAK,CHECKED,Zizzo
2020-01-02 03:25 PM,KAZZAK,CHECKED,trojjan
2020-01-02 04:02 PM,KAZZAK,CHECKED,Lokomani
2020-01-02 04:24 PM,KAZZAK,CHECKED,Zizzo
2020-01-02 04:59 PM,KAZZAK,CHECKED,Lokomani
2020-01-02 05:15 PM,KAZZAK,CHECKED,Smoothie
2020-01-02 05:59 PM,KAZZAK,CHECKED,Lokomani
2020-01-02 06:45 PM,KAZZAK,CHECKED,Lokomani
2020-01-02 07:53 PM,KAZZAK,KILLED,Zizzo
2020-01-02 11:02 PM,AZUREGOS,CHECKED,Lokomani
2020-01-03 12:52 AM,AZUREGOS,CHECKED,Belicia
2020-01-03 01:23 AM,AZUREGOS,CHECKED,Êl
2020-01-03 01:53 AM,AZUREGOS,CHECKED,Êl
2020-01-03 02:50 AM,AZUREGOS,CHECKED,Êl
2020-01-03 03:21 AM,AZUREGOS,CHECKED,Êl
2020-01-03 03:53 AM,AZUREGOS,CHECKED,Êl
2020-01-03 04:26 AM,AZUREGOS,CHECKED,Êl
2020-01-03 04:59 AM,AZUREGOS,CHECKED,Êl
2020-01-03 05:35 AM,AZUREGOS,CHECKED,Êl
2020-01-03 06:08 AM,AZUREGOS,CHECKED,Êl
2020-01-03 10:10 AM,AZUREGOS,CHECKED,Belicia
2020-01-03 11:18 AM,AZUREGOS,CHECKED,Lokomani
2020-01-03 11:43 AM,AZUREGOS,CHECKED,Belicia
2020-01-03 12:50 PM,AZUREGOS,CHECKED,Durtgrub
2020-01-03 02:35 PM,AZUREGOS,CHECKED,Durtgrub
2020-01-03 03:14 PM,AZUREGOS,CHECKED,Durtgrub
2020-01-03 03:58 PM,AZUREGOS,CHECKED,Êl
2020-01-03 04:30 PM,AZUREGOS,CHECKED,Êl
2020-01-03 05:05 PM,AZUREGOS,CHECKED,Êl
2020-01-03 05:38 PM,AZUREGOS,CHECKED,Êl
2020-01-03 06:15 PM,AZUREGOS,CHECKED,Êl
2020-01-03 06:47 PM,AZUREGOS,CHECKED,Êl
2020-01-03 07:26 PM,AZUREGOS,CHECKED,Êl
2020-01-03 08:13 PM,AZUREGOS,CHECKED,Êl
2020-01-03 08:58 PM,AZUREGOS,CHECKED,Êl
2020-01-03 09:56 PM,AZUREGOS,CHECKED,Êl
2020-01-03 11:15 PM,AZUREGOS,CHECKED,Lokomani
2020-01-04 12:32 AM,AZUREGOS,CHECKED,Lokomani
2020-01-04 02:06 AM,KAZZAK,CHECKED,Autonomic
2020-01-04 02:35 AM,AZUREGOS,CHECKED,Êl
2020-01-04 03:19 AM,AZUREGOS,CHECKED,Êl
2020-01-04 03:25 AM,KAZZAK,CHECKED,Autonomic
2020-01-04 03:50 AM,AZUREGOS,CHECKED,Êl
2020-01-04 04:27 AM,AZUREGOS,CHECKED,Êl
2020-01-04 05:28 AM,AZUREGOS,CHECKED,Êl
2020-01-04 05:28 AM,KAZZAK,CHECKED,Autonomic
2020-01-04 06:13 AM,AZUREGOS,CHECKED,Êl
2020-01-04 06:46 AM,AZUREGOS,CHECKED,Êl
2020-01-04 08:23 AM,AZUREGOS,CHECKED,Lokomani
2020-01-04 08:25 AM,KAZZAK,CHECKED,Lokomani
2020-01-04 08:29 AM,AZUREGOS,CHECKED,Durtgrub
2020-01-04 09:26 AM,KAZZAK,CHECKED,Lokomani
2020-01-04 09:27 AM,AZUREGOS,CHECKED,Lokomani
2020-01-04 10:07 AM,KAZZAK,CHECKED,Lokomani
2020-01-04 10:59 AM,KAZZAK,CHECKED,Lokomani
2020-01-04 11:11 AM,AZUREGOS,CHECKED,Lokomani
2020-01-04 01:01 PM,KAZZAK,CHECKED,Lokomani
2020-01-04 01:01 PM,AZUREGOS,CHECKED,Lokomani
2020-01-04 01:46 PM,AZUREGOS,CHECKED,Durtgrub
2020-01-04 02:34 PM,KAZZAK,CHECKED,Zizzo
2020-01-04 02:37 PM,AZUREGOS,CHECKED,Durtgrub
2020-01-04 03:34 PM,AZUREGOS,CHECKED,Durtgrub
2020-01-04 03:36 PM,KAZZAK,CHECKED,Zizzo
2020-01-04 04:01 PM,KAZZAK,CHECKED,Zizzo
2020-01-04 04:21 PM,AZUREGOS,CHECKED,Êl
2020-01-04 05:02 PM,AZUREGOS,CHECKED,Êl
2020-01-04 05:07 PM,KAZZAK,CHECKED,Zizzo
2020-01-04 05:28 PM,KAZZAK,CHECKED,Zizzo
2020-01-04 05:38 PM,AZUREGOS,CHECKED,Êl
2020-01-04 06:10 PM,KAZZAK,CHECKED,trojjan
2020-01-04 06:11 PM,AZUREGOS,CHECKED,Êl
2020-01-04 06:32 PM,KAZZAK,CHECKED,Zizzo
2020-01-04 06:46 PM,AZUREGOS,CHECKED,Êl
2020-01-04 07:03 PM,KAZZAK,CHECKED,trojjan
2020-01-04 07:19 PM,AZUREGOS,CHECKED,Êl
2020-01-04 07:33 PM,KAZZAK,CHECKED,Zizzo
2020-01-04 08:00 PM,AZUREGOS,CHECKED,Êl
2020-01-04 08:32 PM,KAZZAK,CHECKED,Zizzo
2020-01-04 08:50 PM,AZUREGOS,CHECKED,Êl
2020-01-04 09:05 PM,KAZZAK,CHECKED,Zizzo
2020-01-04 09:28 PM,KAZZAK,CHECKED,trojjan
2020-01-04 09:32 PM,AZUREGOS,CHECKED,Marroh
2020-01-04 09:57 PM,KAZZAK,CHECKED,Zizzo
2020-01-04 10:13 PM,AZUREGOS,CHECKED,Êl
2020-01-04 11:03 PM,AZUREGOS,CHECKED,Êl
2020-01-04 11:13 PM,KAZZAK,KILLED,Zizzo
2020-01-04 11:33 PM,AZUREGOS,CHECKED,Êl
2020-01-05 12:03 AM,AZUREGOS,CHECKED,Êl
2020-01-05 12:42 AM,AZUREGOS,CHECKED,Êl
2020-01-05 01:12 AM,AZUREGOS,CHECKED,Êl
2020-01-05 01:42 AM,AZUREGOS,CHECKED,Êl
2020-01-05 02:18 AM,AZUREGOS,CHECKED,Êl
2020-01-05 02:41 AM,AZUREGOS,CHECKED,Marroh
2020-01-05 03:25 AM,AZUREGOS,CHECKED,Êl
2020-01-05 03:49 AM,AZUREGOS,CHECKED,Marroh
2020-01-05 04:24 AM,AZUREGOS,CHECKED,Êl
2020-01-05 04:52 AM,AZUREGOS,CHECKED,Marroh
2020-01-05 05:27 AM,AZUREGOS,CHECKED,Êl
2020-01-05 06:04 AM,AZUREGOS,CHECKED,Êl
2020-01-05 06:39 AM,AZUREGOS,CHECKED,Êl
2020-01-05 07:20 AM,AZUREGOS,CHECKED,Êl
2020-01-05 07:43 AM,AZUREGOS,CHECKED,Belicia
2020-01-05 08:23 AM,AZUREGOS,CHECKED,Belicia
2020-01-05 09:42 AM,AZUREGOS,CHECKED,Durtgrub
2020-01-05 11:36 AM,AZUREGOS,CHECKED,Maneuvers
2020-01-05 12:32 PM,AZUREGOS,CHECKED,Maneuvers
2020-01-05 12:43 PM,AZUREGOS,CHECKED,Maneuvers
2020-01-05 12:47 PM,AZUREGOS,CHECKED,Maneuvers
2020-01-05 01:28 PM,AZUREGOS,CHECKED,Êl
2020-01-05 01:55 PM,AZUREGOS,CHECKED,Êl
2020-01-05 02:22 PM,AZUREGOS,CHECKED,Belicia
2020-01-05 02:42 PM,AZUREGOS,CHECKED,Êl
2020-01-05 03:14 PM,AZUREGOS,CHECKED,Êl
2020-01-05 03:38 PM,AZUREGOS,CHECKED,Maneuvers
2020-01-05 04:04 PM,AZUREGOS,CHECKED,Êl
2020-01-05 04:25 PM,AZUREGOS,CHECKED,Êl
2020-01-05 04:55 PM,AZUREGOS,CHECKED,Finalmint
2020-01-05 05:11 PM,AZUREGOS,CHECKED,Êl
2020-01-05 05:41 PM,AZUREGOS,CHECKED,Êl
2020-01-05 06:10 PM,AZUREGOS,CHECKED,Êl
2020-01-05 07:00 PM,AZUREGOS,CHECKED,Lokomani
2020-01-05 07:12 PM,AZUREGOS,CHECKED,Belicia
2020-01-05 08:02 PM,AZUREGOS,CHECKED,Lokomani
2020-01-05 08:30 PM,AZUREGOS,CHECKED,Lokomani
2020-01-05 08:54 PM,AZUREGOS,CHECKED,Belicia
2020-01-05 09:51 PM,AZUREGOS,CHECKED,Belicia
2020-01-05 09:58 PM,AZUREGOS,CHECKED,Smoothie
2020-01-05 10:20 PM,AZUREGOS,CHECKED,Belicia
2020-01-05 10:43 PM,AZUREGOS,CHECKED,Belicia
2020-01-05 11:20 PM,AZUREGOS,CHECKED,Exelark
2020-01-05 11:50 PM,AZUREGOS,CHECKED,ApachePrime
2020-01-06 12:15 AM,AZUREGOS,CHECKED,ApachePrime
2020-01-06 12:50 AM,AZUREGOS,CHECKED,Belicia
2020-01-06 01:51 AM,AZUREGOS,CHECKED,ApachePrime
2020-01-06 02:14 AM,AZUREGOS,CHECKED,Êl
2020-01-06 02:36 AM,AZUREGOS,CHECKED,Êl
2020-01-06 03:05 AM,AZUREGOS,CHECKED,Êl
2020-01-06 03:30 AM,AZUREGOS,CHECKED,Êl
2020-01-06 05:15 AM,AZUREGOS,KILLED,Zizzo
2020-01-06 09:46 AM,KAZZAK,CHECKED,Durtgrub
2020-01-06 03:05 PM,KAZZAK,CHECKED,Butterboy
2020-01-06 03:42 PM,KAZZAK,CHECKED,Butterboy
2020-01-06 04:21 PM,KAZZAK,CHECKED,Butterboy
2020-01-06 04:50 PM,KAZZAK,CHECKED,Zizzo
2020-01-06 05:54 PM,KAZZAK,CHECKED,Lokomani
2020-01-06 07:00 PM,KAZZAK,CHECKED,Lokomani
2020-01-06 07:30 PM,KAZZAK,CHECKED,Zizzo
2020-01-06 08:10 PM,KAZZAK,CHECKED,Lokomani
2020-01-06 08:30 PM,KAZZAK,CHECKED,Lokomani
2020-01-06 09:03 PM,KAZZAK,CHECKED,Lokomani
2020-01-06 09:28 PM,KAZZAK,CHECKED,Lokomani
2020-01-06 10:12 PM,KAZZAK,CHECKED,Lokomani
2020-01-06 10:40 PM,KAZZAK,CHECKED,Zizzo
2020-01-06 11:14 PM,KAZZAK,CHECKED,Lokomani
2020-01-07 12:17 AM,KAZZAK,CHECKED,Lokomani
2020-01-07 01:53 AM,AZUREGOS,CHECKED,Maneuvers
2020-01-07 04:16 AM,KAZZAK,CHECKED,Autonomic
2020-01-07 06:17 AM,KAZZAK,CHECKED,Lokomani
2020-01-07 07:33 AM,KAZZAK,CHECKED,Lokomani
2020-01-07 08:03 AM,KAZZAK,CHECKED,Lokomani
2020-01-07 08:33 AM,KAZZAK,CHECKED,Lokomani
2020-01-07 09:00 AM,KAZZAK,CHECKED,Lokomani
2020-01-07 09:35 AM,KAZZAK,CHECKED,Lokomani
2020-01-07 10:06 AM,KAZZAK,CHECKED,Lokomani
2020-01-07 10:22 AM,AZUREGOS,CHECKED,Êl
2020-01-07 10:28 AM,KAZZAK,CHECKED,Lokomani
2020-01-07 10:50 AM,AZUREGOS,CHECKED,Êl
2020-01-07 11:21 AM,AZUREGOS,CHECKED,Êl