Time,Boss,Event
11/21/2019 10:58,AZUREGOS,KILLED
11/21/2019 15:30,KAZZAK,KILLED
11/24/2019 13:34,KAZZAK,CHECKED
11/24/2019 13:49,KAZZAK,CHECKED
11/24/2019 13:58,KAZZAK,CHECKED
11/24/2019 13:59,AZUREGOS,CHECKED
11/24/2019 15:24,AZUREGOS,CHECKED
11/24/2019 19:30,AZUREGOS,CHECKED
11/24/2019 19:38,KAZZAK,CHECKED
11/24/2019 19:46,AZUREGOS,CHECKED
11/24/2019 20:45,KAZZAK,CHECKED
11/24/2019 21:13,KAZZAK,CHECKED
11/24/2019 21:30,KAZZAK,CHECKED
11/24/2019 21:57,KAZZAK,CHECKED
11/24/2019 22:26,KAZZAK,CHECKED
11/24/2019 23:10,KAZZAK,CHECKED
11/24/2019 23:40,KAZZAK,CHECKED
11/25/2019 0:00,AZUREGOS,CHECKED
11/25/2019 0:53,KAZZAK,CHECKED
11/25/2019 1:17,KAZZAK,CHECKED
11/25/2019 1:27,AZUREGOS,CHECKED
11/25/2019 1:42,KAZZAK,CHECKED
11/25/2019 1:55,AZUREGOS,CHECKED
11/25/2019 2:13,KAZZAK,CHECKED
11/25/2019 2:25,AZUREGOS,CHECKED
11/25/2019 2:47,KAZZAK,CHECKED
11/25/2019 2:57,AZUREGOS,CHECKED
11/25/2019 3:11,KAZZAK,CHECKED
11/25/2019 3:17,AZUREGOS,CHECKED
11/25/2019 3:52,KAZZAK,CHECKED
11/25/2019 3:54,AZUREGOS,CHECKED
11/25/2019 4:28,AZUREGOS,CHECKED
11/25/2019 4:41,KAZZAK,CHECKED
11/25/2019 4:56,KAZZAK,CHECKED
11/25/2019 5:01,AZUREGOS,CHECKED
11/25/2019 5:15,KAZZAK,CHECKED
11/25/2019 5:34,KAZZAK,CHECKED
11/25/2019 5:45,AZUREGOS,CHECKED
11/25/2019 6:00,KAZZAK,CHECKED
11/25/2019 6:07,KAZZAK,CHECKED
11/25/2019 6:18,AZUREGOS,CHECKED
11/25/2019 6:52,AZUREGOS,CHECKED
11/25/2019 7:11,AZUREGOS,CHECKED
11/25/2019 7:24,AZUREGOS,CHECKED
11/25/2019 7:39,AZUREGOS,CHECKED
11/25/2019 8:00,AZUREGOS,CHECKED
11/25/2019 8:09,KAZZAK,CHECKED
11/25/2019 8:23,AZUREGOS,CHECKED
11/25/2019 8:54,AZUREGOS,CHECKED
11/25/2019 9:00,KAZZAK,CHECKED
11/25/2019 9:00,AZUREGOS,CHECKED
11/25/2019 9:30,KAZZAK,CHECKED
11/25/2019 9:30,AZUREGOS,CHECKED
11/25/2019 9:43,AZUREGOS,CHECKED
11/25/2019 9:47,KAZZAK,CHECKED
11/25/2019 10:00,AZUREGOS,CHECKED
11/25/2019 10:00,KAZZAK,CHECKED
11/25/2019 10:11,KAZZAK,CHECKED
11/25/2019 10:32,AZUREGOS,CHECKED
11/25/2019 10:35,KAZZAK,CHECKED
11/25/2019 10:59,AZUREGOS,CHECKED
11/25/2019 11:03,KAZZAK,CHECKED
11/25/2019 11:30,KAZZAK,CHECKED
11/25/2019 11:30,AZUREGOS,CHECKED
11/25/2019 11:58,KAZZAK,CHECKED
11/25/2019 12:00,KAZZAK,CHECKED
11/25/2019 12:00,AZUREGOS,CHECKED
11/25/2019 12:30,AZUREGOS,CHECKED
11/25/2019 12:30,KAZZAK,CHECKED
11/25/2019 13:00,AZUREGOS,CHECKED
11/25/2019 13:00,KAZZAK,CHECKED
11/25/2019 13:30,KAZZAK,CHECKED
11/25/2019 13:30,AZUREGOS,CHECKED
11/25/2019 14:00,AZUREGOS,CHECKED
11/25/2019 14:00,KAZZAK,CHECKED
11/25/2019 14:30,KAZZAK,CHECKED
11/25/2019 14:30,AZUREGOS,CHECKED
11/25/2019 14:55,KAZZAK,CHECKED
11/25/2019 15:00,AZUREGOS,CHECKED
11/25/2019 15:34,KAZZAK,CHECKED
11/25/2019 17:02,KAZZAK,CHECKED
11/25/2019 17:03,KAZZAK,CHECKED
11/25/2019 17:48,KAZZAK,CHECKED
11/25/2019 17:57,AZUREGOS,CHECKED
11/25/2019 18:03,KAZZAK,CHECKED
11/25/2019 18:27,KAZZAK,CHECKED
11/25/2019 18:28,AZUREGOS,CHECKED
11/25/2019 18:54,AZUREGOS,CHECKED
11/25/2019 18:56,KAZZAK,CHECKED
11/25/2019 19:31,KAZZAK,KILLED
11/26/2019 0:11,AZUREGOS,CHECKED
11/26/2019 1:07,AZUREGOS,CHECKED
11/26/2019 1:32,AZUREGOS,CHECKED
11/26/2019 1:44,AZUREGOS,CHECKED
11/26/2019 2:10,AZUREGOS,CHECKED
11/26/2019 2:34,AZUREGOS,CHECKED
11/26/2019 3:13,AZUREGOS,CHECKED
11/26/2019 3:41,AZUREGOS,CHECKED
11/26/2019 3:55,AZUREGOS,CHECKED
11/26/2019 4:26,AZUREGOS,CHECKED
11/26/2019 4:56,AZUREGOS,CHECKED
11/26/2019 5:27,AZUREGOS,CHECKED
11/26/2019 5:58,AZUREGOS,CHECKED
11/26/2019 6:20,AZUREGOS,CHECKED
11/26/2019 6:37,AZUREGOS,KILLED
11/26/2019 9:28,KAZZAK,CHECKED
11/26/2019 9:32,AZUREGOS,CHECKED
11/26/2019 10:00,AZUREGOS,CHECKED
11/26/2019 10:00,KAZZAK,CHECKED
11/26/2019 10:30,KAZZAK,CHECKED
11/26/2019 10:30,AZUREGOS,CHECKED
11/26/2019 12:00,AZUREGOS,CHECKED
11/26/2019 12:00,KAZZAK,CHECKED
11/26/2019 12:30,AZUREGOS,CHECKED
11/26/2019 12:30,KAZZAK,CHECKED
11/26/2019 12:54,KAZZAK,CHECKED
11/26/2019 13:01,KAZZAK,CHECKED
11/26/2019 13:01,AZUREGOS,CHECKED
11/26/2019 14:00,AZUREGOS,CHECKED
11/26/2019 14:01,KAZZAK,CHECKED
11/26/2019 14:30,KAZZAK,CHECKED
11/26/2019 14:30,AZUREGOS,CHECKED
11/26/2019 15:13,AZUREGOS,CHECKED
11/26/2019 15:58,AZUREGOS,CHECKED
11/26/2019 16:35,KAZZAK,CHECKED
11/26/2019 16:53,KAZZAK,CHECKED
11/26/2019 18:04,KAZZAK,CHECKED
11/26/2019 21:29,AZUREGOS,CHECKED
11/26/2019 21:59,AZUREGOS,CHECKED
11/26/2019 22:33,AZUREGOS,CHECKED
11/26/2019 23:01,AZUREGOS,CHECKED
11/26/2019 23:03,AZUREGOS,CHECKED
11/26/2019 23:03,KAZZAK,CHECKED
11/26/2019 23:32,AZUREGOS,CHECKED
11/27/2019 0:01,AZUREGOS,CHECKED
11/27/2019 0:19,KAZZAK,CHECKED
11/27/2019 0:30,AZUREGOS,CHECKED
11/27/2019 1:06,AZUREGOS,CHECKED
11/27/2019 1:08,KAZZAK,CHECKED
11/27/2019 1:31,AZUREGOS,CHECKED
11/27/2019 1:39,KAZZAK,CHECKED
11/27/2019 2:03,KAZZAK,CHECKED
11/27/2019 2:04,AZUREGOS,CHECKED
11/27/2019 2:30,AZUREGOS,CHECKED
11/27/2019 2:33,KAZZAK,CHECKED
11/27/2019 3:03,KAZZAK,CHECKED
11/27/2019 3:05,AZUREGOS,CHECKED
11/27/2019 3:36,KAZZAK,CHECKED
11/27/2019 3:37,AZUREGOS,CHECKED
11/27/2019 4:02,AZUREGOS,CHECKED
11/27/2019 4:32,AZUREGOS,CHECKED
11/27/2019 4:33,KAZZAK,CHECKED
11/27/2019 5:03,KAZZAK,CHECKED
11/27/2019 5:05,AZUREGOS,CHECKED
11/27/2019 5:30,AZUREGOS,CHECKED
11/27/2019 5:37,KAZZAK,CHECKED
11/27/2019 6:04,KAZZAK,CHECKED
11/27/2019 6:04,AZUREGOS,CHECKED
11/27/2019 6:32,KAZZAK,CHECKED
11/27/2019 6:33,AZUREGOS,CHECKED
11/27/2019 7:01,AZUREGOS,CHECKED
11/27/2019 7:04,KAZZAK,CHECKED
11/27/2019 8:01,AZUREGOS,CHECKED
11/26/2019 9:29,AZUREGOS,RESET
11/26/2019 9:29,KAZZAK,RESET
11/27/2019 7:06,KAZZAK,SPAWN
11/27/2019 7:19,KAZZAK,KILLED
11/27/2019 8:34,AZUREGOS,CHECKED
11/27/2019 9:05,AZUREGOS,CHECKED
11/27/2019 9:30,AZUREGOS,CHECKED
11/27/2019 10:02,AZUREGOS,CHECKED
11/27/2019 10:29,AZUREGOS,CHECKED
11/27/2019 10:53,AZUREGOS,CHECKED
11/27/2019 11:00,AZUREGOS,CHECKED
11/27/2019 11:30,AZUREGOS,CHECKED
11/27/2019 12:00,AZUREGOS,CHECKED
11/27/2019 12:30,AZUREGOS,CHECKED
11/27/2019 13:00,AZUREGOS,CHECKED
11/27/2019 13:30,AZUREGOS,CHECKED
11/27/2019 14:00,AZUREGOS,CHECKED
11/27/2019 14:32,AZUREGOS,CHECKED
11/27/2019 15:30,AZUREGOS,CHECKED
11/27/2019 15:57,AZUREGOS,CHECKED
11/27/2019 16:27,AZUREGOS,CHECKED
11/27/2019 17:06,AZUREGOS,CHECKED
11/27/2019 17:41,AZUREGOS,CHECKED
11/27/2019 18:06,AZUREGOS,CHECKED
11/27/2019 18:35,AZUREGOS,SPAWN
11/27/2019 18:47,AZUREGOS,KILLED
11/21/2019 10:46,AZUREGOS,SPAWN
11/21/2019 19:12,KAZZAK,SPAWN
11/25/2019 19:12,KAZZAK,SPAWN
11/26/2019 6:20,AZUREGOS,SPAWN
11/20/2019 7:10,KAZZAK,RESET
11/20/2019 7:10,AZUREGOS,RESET
11/20/2019 5:38,AZUREGOS,SPAWN
11/18/2019 6:38,AZUREGOS,SPAWN
11/18/2019 8:52,AZUREGOS,KILLED
11/19/2019 4:08,KAZZAK,SPAWN
11/19/2019 4:21,KAZZAK,KILLED
11/28/2019 14:20,KAZZAK,CHECKED
11/28/2019 15:00,KAZZAK,CHECKED
11/28/2019 15:03,AZUREGOS,CHECKED
11/28/2019 15:44,KAZZAK,CHECKED
11/28/2019 19:50,KAZZAK,CHECKED
11/28/2019 20:26,KAZZAK,CHECKED
11/28/2019 20:55,KAZZAK,CHECKED
11/28/2019 21:26,KAZZAK,CHECKED
11/28/2019 21:56,KAZZAK,CHECKED
11/28/2019 22:37,KAZZAK,CHECKED
11/28/2019 23:33,KAZZAK,CHECKED
11/29/2019 0:17,KAZZAK,CHECKED
11/29/2019 0:59,KAZZAK,CHECKED
11/29/2019 7:47,AZUREGOS,CHECKED
11/29/2019 8:15,AZUREGOS,CHECKED
11/29/2019 9:31,AZUREGOS,CHECKED
11/29/2019 10:50,AZUREGOS,CHECKED
11/29/2019 11:22,AZUREGOS,CHECKED
11/29/2019 12:00,AZUREGOS,CHECKED
11/29/2019 12:45,AZUREGOS,CHECKED
11/29/2019 13:08,KAZZAK,CHECKED
11/29/2019 13:20,AZUREGOS,CHECKED
11/29/2019 13:49,AZUREGOS,CHECKED
11/29/2019 14:38,AZUREGOS,CHECKED
11/29/2019 2:10,KAZZAK,SPAWN
11/29/2019 2:32,KAZZAK,KILLED
11/28/2019 15:47,AZUREGOS,SPAWN
11/28/2019 16:26,AZUREGOS,KILLED
11/29/2019 17:27,AZUREGOS,CHECKED
11/29/2019 18:16,AZUREGOS,CHECKED
11/29/2019 18:54,KAZZAK,CHECKED
11/29/2019 18:55,AZUREGOS,CHECKED
11/29/2019 19:30,AZUREGOS,CHECKED
11/29/2019 20:23,AZUREGOS,CHECKED
11/29/2019 21:47,AZUREGOS,CHECKED
11/29/2019 22:31,AZUREGOS,CHECKED
11/29/2019 23:01,AZUREGOS,CHECKED
11/29/2019 23:37,AZUREGOS,CHECKED
11/30/2019 0:05,AZUREGOS,CHECKED
11/30/2019 0:30,KAZZAK,CHECKED
11/30/2019 0:32,AZUREGOS,CHECKED
11/30/2019 1:27,AZUREGOS,CHECKED
11/30/2019 1:34,KAZZAK,CHECKED
11/30/2019 2:02,AZUREGOS,CHECKED
11/30/2019 2:03,KAZZAK,CHECKED
11/30/2019 2:34,AZUREGOS,CHECKED
11/30/2019 2:36,KAZZAK,CHECKED
11/30/2019 3:16,AZUREGOS,CHECKED
11/30/2019 3:24,KAZZAK,CHECKED
11/30/2019 4:00,AZUREGOS,CHECKED
11/30/2019 4:09,KAZZAK,CHECKED
11/30/2019 4:31,AZUREGOS,CHECKED
11/30/2019 4:44,KAZZAK,CHECKED
11/30/2019 5:00,AZUREGOS,CHECKED
11/30/2019 5:20,KAZZAK,CHECKED
11/30/2019 5:30,AZUREGOS,CHECKED
11/30/2019 5:35,KAZZAK,CHECKED
11/30/2019 6:00,AZUREGOS,CHECKED
11/30/2019 6:17,KAZZAK,CHECKED
11/30/2019 6:30,AZUREGOS,CHECKED
11/30/2019 6:47,KAZZAK,CHECKED
11/30/2019 7:00,AZUREGOS,CHECKED
11/30/2019 7:33,AZUREGOS,CHECKED
11/30/2019 7:34,KAZZAK,CHECKED
11/30/2019 8:00,KAZZAK,CHECKED
11/30/2019 8:00,AZUREGOS,CHECKED
11/30/2019 8:36,AZUREGOS,CHECKED
11/30/2019 9:02,AZUREGOS,CHECKED
11/30/2019 9:16,KAZZAK,CHECKED
11/30/2019 9:29,AZUREGOS,CHECKED
11/30/2019 10:00,AZUREGOS,CHECKED
11/30/2019 10:32,AZUREGOS,CHECKED
11/30/2019 10:38,KAZZAK,CHECKED
11/30/2019 11:05,AZUREGOS,CHECKED
11/30/2019 11:34,AZUREGOS,CHECKED
11/30/2019 12:07,AZUREGOS,CHECKED
11/30/2019 12:23,KAZZAK,CHECKED
11/30/2019 12:39,AZUREGOS,CHECKED
11/30/2019 12:48,AZUREGOS,CHECKED
11/30/2019 12:49,KAZZAK,CHECKED
11/30/2019 12:49,KAZZAK,CHECKED
11/30/2019 12:52,AZUREGOS,CHECKED
11/30/2019 13:06,AZUREGOS,CHECKED
11/30/2019 13:35,AZUREGOS,CHECKED
11/30/2019 14:09,AZUREGOS,CHECKED
11/30/2019 14:12,KAZZAK,CHECKED
11/30/2019 14:22,KAZZAK,CHECKED
11/30/2019 14:31,AZUREGOS,CHECKED
11/30/2019 15:06,KAZZAK,CHECKED
11/30/2019 15:10,AZUREGOS,CHECKED
11/30/2019 15:38,AZUREGOS,CHECKED
11/30/2019 15:51,AZUREGOS,CHECKED
11/30/2019 15:55,AZUREGOS,CHECKED
11/30/2019 16:23,KAZZAK,CHECKED
11/30/2019 16:36,AZUREGOS,CHECKED
11/30/2019 16:37,KAZZAK,CHECKED
11/30/2019 17:13,KAZZAK,CHECKED
11/30/2019 17:13,AZUREGOS,CHECKED
11/30/2019 17:50,AZUREGOS,CHECKED
11/30/2019 18:10,AZUREGOS,CHECKED
11/30/2019 18:35,AZUREGOS,CHECKED
11/30/2019 20:06,KAZZAK,CHECKED
11/30/2019 21:07,KAZZAK,CHECKED
11/30/2019 22:11,AZUREGOS,CHECKED
11/30/2019 22:57,AZUREGOS,CHECKED
11/30/2019 23:36,AZUREGOS,CHECKED
11/30/2019 23:49,KAZZAK,CHECKED
12/1/2019 0:08,AZUREGOS,CHECKED
12/1/2019 0:19,KAZZAK,CHECKED
12/1/2019 0:37,AZUREGOS,CHECKED
12/1/2019 0:37,AZUREGOS,CHECKED
12/1/2019 0:44,KAZZAK,CHECKED
12/1/2019 1:07,AZUREGOS,CHECKED
12/1/2019 1:36,KAZZAK,CHECKED
12/1/2019 1:41,AZUREGOS,CHECKED
12/1/2019 1:59,AZUREGOS,CHECKED
12/1/2019 2:18,KAZZAK,CHECKED
12/1/2019 2:26,AZUREGOS,CHECKED
12/1/2019 2:53,AZUREGOS,CHECKED
12/1/2019 3:20,AZUREGOS,CHECKED
12/1/2019 3:32,KAZZAK,CHECKED
12/1/2019 3:48,AZUREGOS,CHECKED
12/1/2019 4:01,KAZZAK,CHECKED
12/1/2019 4:16,AZUREGOS,CHECKED
12/1/2019 4:35,AZUREGOS,CHECKED
12/1/2019 4:55,KAZZAK,CHECKED
12/1/2019 4:56,AZUREGOS,CHECKED
12/1/2019 5:22,AZUREGOS,CHECKED
12/1/2019 5:31,KAZZAK,CHECKED
12/1/2019 5:46,AZUREGOS,CHECKED
12/1/2019 6:01,KAZZAK,CHECKED
12/1/2019 6:08,KAZZAK,CHECKED
12/1/2019 6:09,AZUREGOS,CHECKED
12/1/2019 6:32,KAZZAK,CHECKED
12/1/2019 6:37,AZUREGOS,CHECKED
12/1/2019 6:56,KAZZAK,CHECKED
12/1/2019 7:06,AZUREGOS,CHECKED
12/1/2019 7:32,KAZZAK,CHECKED
12/1/2019 7:35,AZUREGOS,CHECKED
12/1/2019 8:02,AZUREGOS,CHECKED
12/1/2019 8:22,KAZZAK,CHECKED
12/1/2019 8:30,AZUREGOS,CHECKED
12/1/2019 9:00,AZUREGOS,CHECKED
12/1/2019 9:38,KAZZAK,CHECKED
12/1/2019 10:16,AZUREGOS,CHECKED
12/1/2019 11:00,AZUREGOS,CHECKED
12/1/2019 12:31,KAZZAK,CHECKED
12/1/2019 12:32,AZUREGOS,CHECKED
12/1/2019 12:51,AZUREGOS,CHECKED
12/1/2019 13:00,AZUREGOS,CHECKED
12/1/2019 13:00,KAZZAK,CHECKED
12/1/2019 13:13,AZUREGOS,CHECKED
12/1/2019 13:30,KAZZAK,CHECKED
12/1/2019 13:30,AZUREGOS,CHECKED
12/1/2019 14:00,KAZZAK,CHECKED
12/1/2019 14:00,AZUREGOS,CHECKED
12/1/2019 14:22,AZUREGOS,SPAWN
12/1/2019 14:34,AZUREGOS,KILLED
12/1/2019 15:58,KAZZAK,CHECKED
12/1/2019 16:30,KAZZAK,CHECKED
12/1/2019 17:00,KAZZAK,CHECKED
12/1/2019 17:06,KAZZAK,CHECKED
12/1/2019 17:07,AZUREGOS,CHECKED
12/1/2019 17:31,KAZZAK,CHECKED
12/1/2019 19:12,KAZZAK,CHECKED
12/1/2019 20:42,KAZZAK,CHECKED
12/1/2019 21:11,KAZZAK,CHECKED
12/1/2019 21:41,KAZZAK,CHECKED
12/1/2019 22:30,KAZZAK,CHECKED
12/1/2019 22:52,KAZZAK,CHECKED
12/1/2019 23:19,AZUREGOS,CHECKED
12/2/2019 0:25,KAZZAK,CHECKED
12/2/2019 1:41,KAZZAK,CHECKED
12/2/2019 2:40,KAZZAK,CHECKED
12/2/2019 3:08,KAZZAK,CHECKED
12/2/2019 3:44,KAZZAK,CHECKED
12/2/2019 4:15,KAZZAK,CHECKED
12/2/2019 4:19,AZUREGOS,CHECKED
12/2/2019 4:39,KAZZAK,CHECKED
12/2/2019 5:01,KAZZAK,CHECKED
12/2/2019 5:05,AZUREGOS,CHECKED
12/2/2019 5:40,AZUREGOS,CHECKED
12/2/2019 5:47,KAZZAK,CHECKED
12/2/2019 6:10,AZUREGOS,CHECKED
12/2/2019 6:10,KAZZAK,CHECKED
12/2/2019 6:26,KAZZAK,CHECKED
12/2/2019 6:30,AZUREGOS,CHECKED
12/2/2019 6:48,AZUREGOS,CHECKED
12/2/2019 6:56,KAZZAK,CHECKED
12/2/2019 7:22,AZUREGOS,CHECKED
12/2/2019 7:46,KAZZAK,CHECKED
12/2/2019 8:03,AZUREGOS,CHECKED
12/2/2019 8:03,KAZZAK,CHECKED
12/2/2019 8:30,AZUREGOS,CHECKED
12/2/2019 8:30,KAZZAK,CHECKED
12/2/2019 9:00,AZUREGOS,CHECKED
12/2/2019 9:00,KAZZAK,CHECKED
12/2/2019 9:30,KAZZAK,CHECKED
12/2/2019 9:31,AZUREGOS,CHECKED
12/2/2019 11:00,AZUREGOS,CHECKED
12/2/2019 11:00,KAZZAK,CHECKED
12/2/2019 11:30,KAZZAK,CHECKED
12/2/2019 11:30,AZUREGOS,CHECKED
12/2/2019 12:00,AZUREGOS,CHECKED
12/2/2019 12:00,KAZZAK,CHECKED
12/2/2019 12:20,KAZZAK,CHECKED
12/2/2019 12:54,KAZZAK,CHECKED
12/2/2019 13:31,KAZZAK,CHECKED
12/2/2019 13:59,KAZZAK,CHECKED
12/2/2019 14:00,AZUREGOS,CHECKED
12/2/2019 14:30,AZUREGOS,CHECKED
12/2/2019 14:30,KAZZAK,CHECKED
12/2/2019 15:01,AZUREGOS,CHECKED
12/2/2019 15:04,KAZZAK,CHECKED
12/2/2019 15:31,KAZZAK,CHECKED
12/2/2019 16:19,AZUREGOS,CHECKED
12/2/2019 16:35,KAZZAK,CHECKED
12/2/2019 16:52,AZUREGOS,CHECKED
12/2/2019 16:57,KAZZAK,CHECKED
12/2/2019 16:57,KAZZAK,CHECKED
12/2/2019 18:07,AZUREGOS,CHECKED
12/2/2019 18:08,KAZZAK,CHECKED
12/2/2019 18:25,KAZZAK,CHECKED
12/2/2019 18:43,AZUREGOS,CHECKED
12/2/2019 19:11,AZUREGOS,CHECKED
12/2/2019 19:19,AZUREGOS,CHECKED
12/2/2019 19:27,AZUREGOS,CHECKED
12/2/2019 19:40,KAZZAK,CHECKED
12/2/2019 19:43,AZUREGOS,CHECKED
12/2/2019 20:01,AZUREGOS,CHECKED
12/2/2019 20:04,KAZZAK,CHECKED
12/2/2019 20:05,AZUREGOS,CHECKED
12/3/2019 0:21,AZUREGOS,CHECKED
12/3/2019 0:47,AZUREGOS,CHECKED
12/3/2019 8:52,KAZZAK,CHECKED
12/3/2019 8:52,AZUREGOS,CHECKED
12/3/2019 10:00,AZUREGOS,CHECKED
12/3/2019 10:00,KAZZAK,CHECKED
12/3/2019 10:30,AZUREGOS,CHECKED
12/3/2019 10:30,KAZZAK,CHECKED
12/3/2019 10:43,AZUREGOS,CHECKED
12/3/2019 10:43,KAZZAK,CHECKED
12/3/2019 12:12,KAZZAK,CHECKED
12/3/2019 13:20,KAZZAK,CHECKED
12/3/2019 2:36,AZUREGOS,KILLED
12/2/2019 23:26,KAZZAK,KILLED
12/3/2019 16:29,KAZZAK,CHECKED
12/3/2019 17:01,KAZZAK,CHECKED
12/3/2019 17:32,KAZZAK,CHECKED
12/3/2019 18:02,AZUREGOS,CHECKED
12/3/2019 18:12,KAZZAK,CHECKED
12/3/2019 18:31,KAZZAK,CHECKED
12/3/2019 19:47,KAZZAK,CHECKED
12/3/2019 20:29,KAZZAK,CHECKED
12/3/2019 21:06,KAZZAK,CHECKED
12/3/2019 21:40,KAZZAK,CHECKED
12/3/2019 21:58,KAZZAK,CHECKED
12/3/2019 23:49,KAZZAK,KILLED
12/3/2019 23:53,AZUREGOS,CHECKED
12/4/2019 0:21,AZUREGOS,CHECKED
12/4/2019 0:56,AZUREGOS,CHECKED
12/4/2019 1:18,AZUREGOS,CHECKED
12/4/2019 2:16,AZUREGOS,CHECKED
12/4/2019 2:41,AZUREGOS,CHECKED
12/4/2019 3:18,AZUREGOS,CHECKED
12/4/2019 3:47,AZUREGOS,CHECKED
12/4/2019 4:15,AZUREGOS,CHECKED
12/4/2019 4:38,AZUREGOS,CHECKED
12/4/2019 5:41,AZUREGOS,CHECKED
12/4/2019 6:31,AZUREGOS,KILLED
12/4/2019 9:09,AZUREGOS,CHECKED
12/4/2019 9:37,AZUREGOS,CHECKED
12/4/2019 10:03,KAZZAK,CHECKED
12/4/2019 10:03,AZUREGOS,CHECKED
12/4/2019 10:54,AZUREGOS,CHECKED
12/4/2019 11:35,AZUREGOS,CHECKED
12/4/2019 12:32,KAZZAK,CHECKED
12/4/2019 12:32,AZUREGOS,CHECKED
12/4/2019 13:06,AZUREGOS,CHECKED
12/4/2019 13:30,AZUREGOS,CHECKED
12/4/2019 13:30,KAZZAK,CHECKED
12/4/2019 13:59,AZUREGOS,CHECKED
12/4/2019 14:00,KAZZAK,CHECKED
12/4/2019 14:30,AZUREGOS,CHECKED
12/4/2019 14:30,KAZZAK,CHECKED
12/4/2019 14:34,AZUREGOS,CHECKED
12/4/2019 15:00,AZUREGOS,CHECKED
12/4/2019 15:00,KAZZAK,CHECKED
12/4/2019 16:03,AZUREGOS,CHECKED
12/4/2019 16:07,KAZZAK,CHECKED
12/4/2019 17:58,AZUREGOS,CHECKED
12/4/2019 17:58,AZUREGOS,CHECKED
12/4/2019 18:03,KAZZAK,CHECKED
12/4/2019 18:18,AZUREGOS,CHECKED
12/4/2019 18:27,AZUREGOS,CHECKED
12/4/2019 18:38,KAZZAK,CHECKED
12/4/2019 18:50,AZUREGOS,CHECKED
12/4/2019 19:01,AZUREGOS,CHECKED
12/4/2019 19:18,AZUREGOS,CHECKED
12/4/2019 19:42,KAZZAK,CHECKED
12/4/2019 20:08,AZUREGOS,CHECKED
12/4/2019 20:15,KAZZAK,CHECKED
12/4/2019 20:42,KAZZAK,CHECKED
12/4/2019 22:32,AZUREGOS,CHECKED
12/4/2019 22:38,KAZZAK,CHECKED
12/4/2019 23:14,AZUREGOS,CHECKED
12/4/2019 23:45,KAZZAK,CHECKED
12/5/2019 0:01,AZUREGOS,CHECKED
12/5/2019 0:09,KAZZAK,CHECKED
12/5/2019 0:39,AZUREGOS,CHECKED
12/5/2019 1:14,AZUREGOS,CHECKED
12/5/2019 1:48,AZUREGOS,CHECKED
12/5/2019 2:20,AZUREGOS,CHECKED
12/5/2019 2:21,KAZZAK,CHECKED
12/5/2019 2:50,AZUREGOS,CHECKED
12/5/2019 2:51,AZUREGOS,CHECKED
12/5/2019 2:56,KAZZAK,CHECKED
12/5/2019 3:25,AZUREGOS,CHECKED
12/5/2019 3:54,AZUREGOS,CHECKED
12/5/2019 4:16,AZUREGOS,CHECKED
12/5/2019 4:44,AZUREGOS,CHECKED
12/5/2019 5:15,AZUREGOS,CHECKED
12/5/2019 5:43,AZUREGOS,CHECKED
12/5/2019 6:08,AZUREGOS,CHECKED
12/5/2019 6:33,KAZZAK,CHECKED
12/5/2019 6:50,AZUREGOS,CHECKED
12/5/2019 7:39,AZUREGOS,CHECKED
12/5/2019 7:51,KAZZAK,CHECKED
12/5/2019 8:36,KAZZAK,CHECKED
12/5/2019 8:45,AZUREGOS,CHECKED
12/5/2019 9:00,AZUREGOS,CHECKED
12/5/2019 9:00,KAZZAK,CHECKED
12/5/2019 9:21,AZUREGOS,CHECKED
12/5/2019 9:30,AZUREGOS,CHECKED
12/5/2019 9:30,KAZZAK,CHECKED
12/5/2019 10:00,KAZZAK,CHECKED
12/5/2019 10:00,AZUREGOS,CHECKED
12/5/2019 10:30,AZUREGOS,CHECKED
12/5/2019 10:30,KAZZAK,CHECKED
12/5/2019 11:06,KAZZAK,CHECKED
12/5/2019 11:20,AZUREGOS,CHECKED
12/5/2019 11:37,KAZZAK,CHECKED
12/5/2019 12:00,KAZZAK,CHECKED
12/5/2019 12:00,AZUREGOS,CHECKED
12/5/2019 12:04,AZUREGOS,CHECKED
12/5/2019 13:00,KAZZAK,CHECKED
12/5/2019 13:00,AZUREGOS,CHECKED
12/5/2019 13:48,AZUREGOS,CHECKED
12/5/2019 14:00,KAZZAK,CHECKED
12/5/2019 14:24,AZUREGOS,CHECKED
12/5/2019 14:30,AZUREGOS,CHECKED
12/5/2019 14:30,KAZZAK,CHECKED
12/5/2019 15:00,AZUREGOS,CHECKED
12/5/2019 15:00,KAZZAK,CHECKED
12/5/2019 16:32,KAZZAK,CHECKED
12/5/2019 17:23,AZUREGOS,CHECKED
12/5/2019 18:04,KAZZAK,CHECKED
12/5/2019 18:22,AZUREGOS,CHECKED
12/5/2019 18:38,KAZZAK,CHECKED
12/5/2019 18:44,AZUREGOS,CHECKED
12/5/2019 18:55,AZUREGOS,CHECKED
12/5/2019 18:58,KAZZAK,CHECKED
12/5/2019 19:20,AZUREGOS,CHECKED
12/5/2019 19:32,AZUREGOS,CHECKED
12/5/2019 19:49,KAZZAK,CHECKED
12/5/2019 19:57,AZUREGOS,CHECKED
12/5/2019 20:12,AZUREGOS,CHECKED
12/5/2019 23:58,AZUREGOS,CHECKED
12/6/2019 0:09,AZUREGOS,CHECKED
12/6/2019 0:14,KAZZAK,CHECKED
12/6/2019 0:28,AZUREGOS,CHECKED
12/6/2019 1:35,KAZZAK,CHECKED
12/6/2019 2:53,AZUREGOS,CHECKED
12/6/2019 3:17,KAZZAK,CHECKED
12/6/2019 3:51,AZUREGOS,CHECKED
12/6/2019 3:59,KAZZAK,CHECKED
12/6/2019 4:43,KAZZAK,CHECKED
12/6/2019 4:45,AZUREGOS,CHECKED
12/6/2019 5:05,KAZZAK,CHECKED
12/6/2019 5:13,AZUREGOS,CHECKED
12/6/2019 5:20,AZUREGOS,CHECKED
12/6/2019 5:33,KAZZAK,CHECKED
12/6/2019 5:57,AZUREGOS,CHECKED
12/6/2019 6:08,KAZZAK,CHECKED
12/6/2019 6:35,KAZZAK,CHECKED
12/6/2019 6:51,AZUREGOS,CHECKED
12/6/2019 6:59,KAZZAK,CHECKED
12/6/2019 7:29,AZUREGOS,CHECKED
12/6/2019 7:43,AZUREGOS,CHECKED
12/6/2019 7:57,AZUREGOS,CHECKED
12/6/2019 8:00,KAZZAK,CHECKED
12/6/2019 8:00,AZUREGOS,CHECKED
12/6/2019 8:25,AZUREGOS,CHECKED
12/6/2019 8:33,AZUREGOS,CHECKED
12/6/2019 8:33,KAZZAK,CHECKED
12/6/2019 9:00,AZUREGOS,CHECKED
12/6/2019 9:00,KAZZAK,CHECKED
12/6/2019 9:21,AZUREGOS,CHECKED
12/6/2019 9:22,AZUREGOS,CHECKED
12/6/2019 9:26,KAZZAK,CHECKED
12/6/2019 9:30,AZUREGOS,CHECKED
12/6/2019 9:30,KAZZAK,CHECKED
12/6/2019 9:35,AZUREGOS,CHECKED
12/6/2019 10:00,AZUREGOS,CHECKED
12/6/2019 10:00,KAZZAK,CHECKED
12/6/2019 10:09,AZUREGOS,CHECKED
12/6/2019 10:27,AZUREGOS,CHECKED
12/6/2019 10:36,AZUREGOS,CHECKED
12/6/2019 11:04,AZUREGOS,CHECKED
12/6/2019 11:40,AZUREGOS,CHECKED
12/6/2019 12:22,AZUREGOS,CHECKED
12/6/2019 12:42,KAZZAK,CHECKED
12/6/2019 12:44,KAZZAK,CHECKED
12/6/2019 13:10,AZUREGOS,CHECKED
12/6/2019 13:31,KAZZAK,CHECKED
12/6/2019 15:09,KAZZAK,CHECKED
12/6/2019 15:40,KAZZAK,CHECKED
12/6/2019 16:05,KAZZAK,CHECKED
12/6/2019 16:59,KAZZAK,CHECKED
12/6/2019 17:33,KAZZAK,CHECKED
12/6/2019 18:51,KAZZAK,CHECKED
12/6/2019 20:01,AZUREGOS,CHECKED
12/6/2019 20:07,KAZZAK,CHECKED
12/6/2019 20:33,AZUREGOS,CHECKED
12/6/2019 21:06,KAZZAK,CHECKED
12/6/2019 21:14,AZUREGOS,CHECKED
12/6/2019 21:51,AZUREGOS,CHECKED
12/6/2019 22:54,AZUREGOS,CHECKED
12/6/2019 23:17,KAZZAK,CHECKED
12/6/2019 23:39,AZUREGOS,CHECKED
12/6/2019 23:50,KAZZAK,CHECKED
12/7/2019 0:16,AZUREGOS,CHECKED
12/7/2019 0:51,AZUREGOS,CHECKED
12/7/2019 1:36,AZUREGOS,CHECKED
12/7/2019 2:17,AZUREGOS,CHECKED
12/7/2019 2:25,KAZZAK,CHECKED
12/7/2019 2:51,AZUREGOS,CHECKED
12/7/2019 3:06,KAZZAK,CHECKED
12/7/2019 3:26,AZUREGOS,CHECKED
12/7/2019 3:26,KAZZAK,CHECKED
12/7/2019 3:55,AZUREGOS,CHECKED
12/7/2019 4:16,KAZZAK,CHECKED
12/7/2019 4:22,AZUREGOS,CHECKED
12/7/2019 4:44,AZUREGOS,CHECKED
12/7/2019 4:54,KAZZAK,CHECKED
12/7/2019 5:21,AZUREGOS,CHECKED
12/7/2019 5:22,KAZZAK,CHECKED
12/7/2019 5:52,AZUREGOS,CHECKED
12/7/2019 5:59,KAZZAK,CHECKED
12/7/2019 6:39,KAZZAK,CHECKED
12/7/2019 7:11,AZUREGOS,CHECKED
12/7/2019 7:49,KAZZAK,CHECKED
12/7/2019 8:23,AZUREGOS,CHECKED
12/7/2019 10:55,AZUREGOS,CHECKED
12/7/2019 11:50,KAZZAK,CHECKED
12/7/2019 11:50,AZUREGOS,CHECKED
12/7/2019 12:23,AZUREGOS,CHECKED
12/7/2019 13:35,AZUREGOS,CHECKED
12/7/2019 13:47,KAZZAK,CHECKED
12/7/2019 13:58,AZUREGOS,CHECKED
12/7/2019 14:45,AZUREGOS,CHECKED
12/7/2019 14:55,KAZZAK,CHECKED
12/7/2019 15:26,AZUREGOS,CHECKED
12/7/2019 15:52,KAZZAK,CHECKED
12/7/2019 16:21,AZUREGOS,CHECKED
12/7/2019 16:59,KAZZAK,CHECKED
12/7/2019 17:11,AZUREGOS,CHECKED
12/7/2019 17:24,KAZZAK,CHECKED
12/7/2019 17:58,AZUREGOS,CHECKED
12/7/2019 18:04,KAZZAK,CHECKED
12/7/2019 18:30,KAZZAK,CHECKED
12/7/2019 19:08,KAZZAK,CHECKED
12/7/2019 19:37,KAZZAK,CHECKED
12/7/2019 19:39,AZUREGOS,CHECKED
12/7/2019 20:10,KAZZAK,CHECKED
12/7/2019 20:21,AZUREGOS,CHECKED
12/7/2019 20:56,KAZZAK,CHECKED
12/7/2019 22:21,KAZZAK,CHECKED
12/7/2019 23:11,KAZZAK,CHECKED
12/8/2019 0:00,KAZZAK,CHECKED
12/8/2019 0:30,KAZZAK,CHECKED
12/8/2019 1:15,KAZZAK,CHECKED
12/8/2019 1:54,AZUREGOS,CHECKED
12/8/2019 2:19,AZUREGOS,CHECKED
12/8/2019 2:08,KAZZAK,KILLED
12/8/2019 4:12,AZUREGOS,CHECKED
12/8/2019 4:54,AZUREGOS,CHECKED
12/8/2019 6:11,AZUREGOS,CHECKED
12/8/2019 7:09,AZUREGOS,CHECKED
12/8/2019 7:14,AZUREGOS,CHECKED
12/8/2019 8:44,AZUREGOS,CHECKED
12/8/2019 9:04,AZUREGOS,CHECKED
12/8/2019 9:43,AZUREGOS,CHECKED
12/8/2019 10:17,AZUREGOS,CHECKED
12/8/2019 10:44,AZUREGOS,CHECKED
12/8/2019 10:59,AZUREGOS,CHECKED
12/8/2019 11:11,AZUREGOS,CHECKED
12/8/2019 11:28,AZUREGOS,CHECKED
12/8/2019 11:49,AZUREGOS,CHECKED
12/8/2019 12:21,AZUREGOS,CHECKED
12/8/2019 12:57,AZUREGOS,CHECKED
12/8/2019 13:33,AZUREGOS,CHECKED
12/8/2019 14:01,AZUREGOS,CHECKED
12/8/2019 14:25,AZUREGOS,CHECKED
12/8/2019 15:04,AZUREGOS,CHECKED
12/8/2019 15:37,AZUREGOS,CHECKED
12/8/2019 15:57,AZUREGOS,CHECKED
12/8/2019 16:45,AZUREGOS,CHECKED
12/8/2019 17:24,AZUREGOS,CHECKED
12/8/2019 17:54,AZUREGOS,CHECKED
12/8/2019 17:54,AZUREGOS,CHECKED
12/8/2019 18:24,AZUREGOS,CHECKED
12/8/2019 18:58,AZUREGOS,CHECKED
12/8/2019 19:39,AZUREGOS,CHECKED
12/8/2019 20:29,AZUREGOS,CHECKED
12/8/2019 23:46,AZUREGOS,CHECKED
12/9/2019 2:58,AZUREGOS,KILLED
12/9/2019 6:12,KAZZAK,CHECKED
12/9/2019 7:07,KAZZAK,CHECKED
12/9/2019 8:03,KAZZAK,CHECKED
12/9/2019 8:30,KAZZAK,CHECKED
12/9/2019 8:58,KAZZAK,CHECKED
12/9/2019 9:30,KAZZAK,CHECKED
12/9/2019 10:02,KAZZAK,CHECKED
12/9/2019 10:30,KAZZAK,CHECKED
12/9/2019 10:58,KAZZAK,CHECKED
12/9/2019 12:01,KAZZAK,CHECKED
12/9/2019 12:01,AZUREGOS,CHECKED
12/9/2019 12:17,KAZZAK,CHECKED
12/9/2019 12:34,KAZZAK,CHECKED
12/9/2019 12:34,AZUREGOS,CHECKED
12/9/2019 13:00,KAZZAK,CHECKED
12/9/2019 13:00,AZUREGOS,CHECKED
12/9/2019 13:32,AZUREGOS,CHECKED
12/9/2019 13:32,KAZZAK,CHECKED
12/9/2019 14:00,KAZZAK,CHECKED
12/9/2019 14:00,AZUREGOS,CHECKED
12/9/2019 15:00,KAZZAK,CHECKED
12/9/2019 15:00,AZUREGOS,CHECKED
12/9/2019 15:45,KAZZAK,CHECKED
12/9/2019 17:19,KAZZAK,CHECKED
12/9/2019 18:01,KAZZAK,CHECKED
12/9/2019 18:52,KAZZAK,CHECKED
12/9/2019 19:42,KAZZAK,CHECKED
12/9/2019 19:59,KAZZAK,CHECKED
12/9/2019 21:45,KAZZAK,CHECKED
12/9/2019 22:22,AZUREGOS,CHECKED
12/9/2019 22:38,KAZZAK,CHECKED
12/9/2019 23:11,KAZZAK,CHECKED
12/9/2019 23:39,KAZZAK,CHECKED
12/10/2019 0:01,KAZZAK,CHECKED
12/10/2019 0:35,KAZZAK,CHECKED
12/10/2019 1:07,KAZZAK,CHECKED
12/10/2019 1:32,AZUREGOS,CHECKED
12/10/2019 1:42,KAZZAK,CHECKED
12/10/2019 2:00,KAZZAK,CHECKED
12/10/2019 2:19,AZUREGOS,CHECKED
12/10/2019 2:51,KAZZAK,CHECKED
12/10/2019 3:20,AZUREGOS,CHECKED
12/10/2019 3:24,KAZZAK,CHECKED
12/10/2019 3:53,KAZZAK,CHECKED
12/10/2019 4:06,AZUREGOS,CHECKED
12/10/2019 4:26,KAZZAK,CHECKED
12/10/2019 5:13,KAZZAK,CHECKED
12/10/2019 5:19,AZUREGOS,CHECKED
12/10/2019 5:39,KAZZAK,CHECKED
12/10/2019 6:02,AZUREGOS,CHECKED
12/10/2019 6:07,KAZZAK,CHECKED
12/11/2019 13:21,KAZZAK,CHECKED
12/11/2019 7:44,KAZZAK,KILLED
12/11/2019 9:04,AZUREGOS,KILLED
12/11/2019 13:25,KAZZAK,CHECKED
12/11/2019 13:25,AZUREGOS,CHECKED
12/11/2019 13:42,KAZZAK,CHECKED
12/11/2019 14:01,KAZZAK,CHECKED
12/11/2019 14:19,KAZZAK,CHECKED
12/12/2019 7:01,KAZZAK,CHECKED
12/12/2019 7:01,AZUREGOS,CHECKED
12/12/2019 7:38,KAZZAK,CHECKED
12/12/2019 7:40,AZUREGOS,CHECKED
12/12/2019 8:01,KAZZAK,CHECKED
12/12/2019 8:01,AZUREGOS,CHECKED
12/12/2019 8:31,KAZZAK,CHECKED
12/12/2019 8:31,AZUREGOS,CHECKED
12/12/2019 9:00,AZUREGOS,CHECKED
12/12/2019 9:01,KAZZAK,CHECKED
12/12/2019 9:30,AZUREGOS,CHECKED
12/12/2019 9:30,KAZZAK,CHECKED
12/12/2019 10:00,KAZZAK,CHECKED
12/12/2019 10:00,AZUREGOS,CHECKED
12/12/2019 10:35,KAZZAK,CHECKED
12/12/2019 10:35,AZUREGOS,CHECKED
12/12/2019 11:30,KAZZAK,CHECKED
12/12/2019 11:30,AZUREGOS,CHECKED
12/12/2019 12:00,AZUREGOS,CHECKED
12/12/2019 12:00,KAZZAK,CHECKED
12/12/2019 15:31,KAZZAK,CHECKED
12/12/2019 16:41,KAZZAK,CHECKED
12/12/2019 17:11,AZUREGOS,CHECKED
12/12/2019 20:41,AZUREGOS,CHECKED
12/12/2019 20:50,KAZZAK,CHECKED
12/12/2019 21:22,KAZZAK,CHECKED
12/12/2019 21:26,AZUREGOS,CHECKED
12/12/2019 21:35,KAZZAK,CHECKED
12/12/2019 22:00,AZUREGOS,CHECKED
12/12/2019 22:40,KAZZAK,CHECKED
12/12/2019 23:24,KAZZAK,CHECKED
12/13/2019 1:03,AZUREGOS,CHECKED
12/13/2019 2:02,AZUREGOS,CHECKED
12/13/2019 2:46,AZUREGOS,CHECKED
12/13/2019 3:21,KAZZAK,CHECKED
12/13/2019 3:37,AZUREGOS,CHECKED
12/13/2019 4:04,KAZZAK,CHECKED
12/13/2019 4:27,KAZZAK,CHECKED
12/13/2019 4:30,AZUREGOS,CHECKED
12/13/2019 5:20,AZUREGOS,CHECKED
12/13/2019 5:38,KAZZAK,CHECKED
12/13/2019 6:03,AZUREGOS,CHECKED
12/13/2019 6:15,KAZZAK,CHECKED
12/13/2019 6:48,KAZZAK,CHECKED
12/13/2019 6:56,AZUREGOS,CHECKED
12/13/2019 7:08,KAZZAK,CHECKED
12/13/2019 7:24,KAZZAK,CHECKED
12/13/2019 8:15,AZUREGOS,CHECKED
12/13/2019 8:34,KAZZAK,CHECKED
12/13/2019 9:15,AZUREGOS,CHECKED
12/13/2019 9:45,KAZZAK,CHECKED
12/13/2019 9:56,AZUREGOS,CHECKED
12/13/2019 10:43,AZUREGOS,CHECKED
12/13/2019 11:24,AZUREGOS,CHECKED
12/13/2019 11:59,AZUREGOS,CHECKED
12/13/2019 12:45,AZUREGOS,CHECKED
12/13/2019 13:11,KAZZAK,CHECKED
12/13/2019 13:31,AZUREGOS,CHECKED
12/13/2019 14:11,KAZZAK,CHECKED
12/13/2019 14:14,AZUREGOS,CHECKED
12/13/2019 14:56,KAZZAK,CHECKED
12/13/2019 15:22,AZUREGOS,CHECKED
12/13/2019 15:24,KAZZAK,CHECKED
12/13/2019 16:27,AZUREGOS,CHECKED
12/13/2019 17:04,KAZZAK,CHECKED
12/13/2019 17:57,KAZZAK,CHECKED
12/13/2019 18:00,AZUREGOS,CHECKED
12/13/2019 18:30,KAZZAK,CHECKED
12/13/2019 18:55,KAZZAK,CHECKED
12/13/2019 20:02,KAZZAK,CHECKED
12/13/2019 20:05,AZUREGOS,CHECKED
12/13/2019 20:38,KAZZAK,CHECKED
12/13/2019 21:05,KAZZAK,CHECKED
12/13/2019 22:32,AZUREGOS,CHECKED
12/13/2019 22:52,KAZZAK,CHECKED
12/14/2019 0:50,KAZZAK,CHECKED
12/14/2019 1:32,KAZZAK,CHECKED
12/14/2019 1:59,KAZZAK,CHECKED
12/14/2019 2:27,KAZZAK,CHECKED
12/14/2019 2:27,AZUREGOS,CHECKED
12/14/2019 3:34,KAZZAK,CHECKED
12/14/2019 4:07,KAZZAK,CHECKED
12/14/2019 4:17,AZUREGOS,CHECKED
12/14/2019 4:31,KAZZAK,CHECKED
12/14/2019 4:52,KAZZAK,CHECKED
12/14/2019 5:08,AZUREGOS,CHECKED
12/14/2019 5:16,KAZZAK,CHECKED
12/14/2019 5:36,KAZZAK,CHECKED
12/14/2019 6:02,KAZZAK,CHECKED
12/14/2019 6:06,AZUREGOS,CHECKED
12/14/2019 6:14,AZUREGOS,CHECKED
12/14/2019 6:28,KAZZAK,CHECKED
12/14/2019 6:31,AZUREGOS,CHECKED
12/14/2019 6:46,KAZZAK,CHECKED
12/14/2019 7:01,AZUREGOS,CHECKED
12/14/2019 7:39,KAZZAK,CHECKED
12/14/2019 7:39,AZUREGOS,CHECKED
12/14/2019 7:57,AZUREGOS,CHECKED
12/14/2019 7:57,KAZZAK,CHECKED
12/14/2019 8:16,AZUREGOS,CHECKED
12/14/2019 8:41,KAZZAK,CHECKED
12/14/2019 9:43,KAZZAK,CHECKED
12/14/2019 10:16,AZUREGOS,CHECKED
12/14/2019 10:39,AZUREGOS,CHECKED
12/14/2019 10:32,KAZZAK,KILLED
12/14/2019 13:27,AZUREGOS,CHECKED
12/14/2019 14:33,AZUREGOS,KILLED
12/14/2019 17:20,KAZZAK,CHECKED
12/14/2019 22:49,KAZZAK,CHECKED
12/15/2019 2:41,KAZZAK,CHECKED
12/15/2019 3:35,AZUREGOS,CHECKED
12/15/2019 4:00,AZUREGOS,CHECKED
12/15/2019 4:01,KAZZAK,CHECKED
12/15/2019 7:07,KAZZAK,CHECKED
12/15/2019 9:44,KAZZAK,CHECKED
12/15/2019 11:57,AZUREGOS,CHECKED
12/15/2019 13:17,KAZZAK,CHECKED
12/15/2019 13:38,AZUREGOS,CHECKED
12/15/2019 14:07,AZUREGOS,CHECKED
12/15/2019 14:22,AZUREGOS,CHECKED
12/15/2019 14:45,KAZZAK,CHECKED
12/15/2019 15:01,AZUREGOS,CHECKED
12/15/2019 15:17,AZUREGOS,CHECKED
12/15/2019 15:38,AZUREGOS,CHECKED
12/15/2019 17:34,KAZZAK,CHECKED
12/15/2019 18:28,AZUREGOS,CHECKED
12/15/2019 18:40,KAZZAK,CHECKED
12/15/2019 19:04,KAZZAK,CHECKED
12/15/2019 19:27,KAZZAK,CHECKED
12/15/2019 20:29,KAZZAK,CHECKED
12/15/2019 21:22,KAZZAK,CHECKED
12/16/2019 0:19,AZUREGOS,CHECKED
12/16/2019 0:38,KAZZAK,CHECKED
12/16/2019 1:28,KAZZAK,CHECKED
12/16/2019 2:45,KAZZAK,CHECKED
12/16/2019 3:11,KAZZAK,CHECKED
12/16/2019 3:12,KAZZAK,CHECKED
12/16/2019 3:54,KAZZAK,CHECKED
12/16/2019 4:35,KAZZAK,CHECKED
12/16/2019 6:29,KAZZAK,CHECKED
12/16/2019 7:15,AZUREGOS,CHECKED
12/16/2019 7:21,KAZZAK,CHECKED
12/16/2019 7:57,AZUREGOS,CHECKED
12/16/2019 7:58,KAZZAK,CHECKED
12/16/2019 8:32,AZUREGOS,CHECKED
12/16/2019 9:12,AZUREGOS,CHECKED
12/16/2019 9:25,KAZZAK,CHECKED
12/16/2019 9:49,AZUREGOS,CHECKED
12/16/2019 10:16,AZUREGOS,CHECKED
12/16/2019 10:28,KAZZAK,CHECKED
12/16/2019 11:02,KAZZAK,CHECKED
12/16/2019 11:16,AZUREGOS,CHECKED
12/16/2019 11:36,AZUREGOS,CHECKED
12/16/2019 12:02,KAZZAK,CHECKED
12/16/2019 12:12,AZUREGOS,CHECKED
12/16/2019 12:31,KAZZAK,CHECKED
12/16/2019 12:49,AZUREGOS,CHECKED
12/16/2019 13:36,KAZZAK,CHECKED
12/16/2019 13:58,AZUREGOS,CHECKED
12/16/2019 14:05,KAZZAK,CHECKED
12/16/2019 14:36,AZUREGOS,CHECKED
12/16/2019 15:25,AZUREGOS,CHECKED
12/16/2019 16:20,KAZZAK,CHECKED
12/16/2019 16:34,AZUREGOS,CHECKED
12/16/2019 17:44,KAZZAK,CHECKED
12/16/2019 18:17,KAZZAK,CHECKED
12/16/2019 18:40,KAZZAK,CHECKED
12/16/2019 18:45,AZUREGOS,CHECKED
12/16/2019 19:11,KAZZAK,CHECKED
12/16/2019 20:00,AZUREGOS,CHECKED
12/16/2019 20:05,KAZZAK,CHECKED
12/16/2019 22:08,KAZZAK,CHECKED
12/16/2019 22:44,KAZZAK,CHECKED
12/16/2019 23:32,KAZZAK,CHECKED
12/17/2019 0:31,AZUREGOS,CHECKED
12/17/2019 1:30,AZUREGOS,CHECKED
12/17/2019 2:16,AZUREGOS,CHECKED
12/17/2019 2:43,AZUREGOS,CHECKED
12/17/2019 3:09,KAZZAK,CHECKED
12/17/2019 3:35,AZUREGOS,CHECKED
12/17/2019 3:36,KAZZAK,CHECKED
12/17/2019 3:56,KAZZAK,CHECKED
12/17/2019 4:38,KAZZAK,CHECKED
12/17/2019 5:04,KAZZAK,CHECKED
12/17/2019 5:24,AZUREGOS,CHECKED
12/17/2019 5:26,KAZZAK,CHECKED
12/17/2019 5:56,KAZZAK,CHECKED
12/17/2019 5:59,AZUREGOS,CHECKED
12/17/2019 6:31,AZUREGOS,CHECKED
12/17/2019 6:39,KAZZAK,CHECKED
12/17/2019 10:02,KAZZAK,CHECKED
12/17/2019 10:30,AZUREGOS,CHECKED
12/17/2019 10:33,KAZZAK,CHECKED
12/17/2019 11:07,AZUREGOS,CHECKED
12/17/2019 11:26,AZUREGOS,CHECKED
12/17/2019 11:28,KAZZAK,CHECKED
12/17/2019 12:04,AZUREGOS,CHECKED
12/17/2019 12:07,KAZZAK,CHECKED
12/17/2019 12:36,AZUREGOS,CHECKED
12/17/2019 12:52,AZUREGOS,CHECKED
12/17/2019 13:56,KAZZAK,CHECKED
12/17/2019 14:24,AZUREGOS,CHECKED
12/17/2019 14:34,KAZZAK,CHECKED
12/17/2019 15:12,KAZZAK,CHECKED
12/17/2019 16:18,KAZZAK,CHECKED
12/17/2019 16:51,AZUREGOS,CHECKED
12/17/2019 17:13,KAZZAK,CHECKED
12/17/2019 17:52,AZUREGOS,CHECKED
12/17/2019 17:53,KAZZAK,CHECKED
12/17/2019 18:22,AZUREGOS,CHECKED
12/17/2019 19:30,AZUREGOS,CHECKED
12/17/2019 20:03,AZUREGOS,CHECKED
12/17/2019 19:20,KAZZAK,KILLED
12/17/2019 20:53,AZUREGOS,CHECKED
12/17/2019 22:06,AZUREGOS,CHECKED
12/17/2019 22:55,AZUREGOS,CHECKED
12/17/2019 23:21,AZUREGOS,CHECKED
12/17/2019 23:51,AZUREGOS,CHECKED
12/18/2019 0:19,AZUREGOS,CHECKED
12/18/2019 0:44,AZUREGOS,CHECKED
12/18/2019 1:18,AZUREGOS,CHECKED
12/18/2019 1:58,AZUREGOS,CHECKED
12/18/2019 2:48,AZUREGOS,CHECKED
12/18/2019 2:55,AZUREGOS,CHECKED
12/18/2019 3:34,AZUREGOS,CHECKED
12/18/2019 4:23,AZUREGOS,CHECKED
12/18/2019 5:00,AZUREGOS,CHECKED
12/18/2019 5:31,AZUREGOS,CHECKED
12/18/2019 6:05,AZUREGOS,CHECKED
12/18/2019 6:49,AZUREGOS,CHECKED
12/18/2019 7:16,AZUREGOS,CHECKED
12/18/2019 8:36,AZUREGOS,CHECKED
12/18/2019 9:39,AZUREGOS,CHECKED
12/18/2019 10:23,AZUREGOS,CHECKED
12/18/2019 11:32,AZUREGOS,CHECKED
12/18/2019 12:04,AZUREGOS,CHECKED
12/18/2019 12:40,AZUREGOS,CHECKED
12/18/2019 13:08,AZUREGOS,CHECKED
12/18/2019 13:33,AZUREGOS,KILLED
12/18/2019 20:15,KAZZAK,CHECKED
12/18/2019 22:20,KAZZAK,CHECKED
12/18/2019 22:25,AZUREGOS,CHECKED
12/18/2019 22:58,AZUREGOS,CHECKED
12/18/2019 22:58,AZUREGOS,CHECKED
12/18/2019 23:21,KAZZAK,CHECKED
12/19/2019 3:51,KAZZAK,CHECKED
12/19/2019 5:02,KAZZAK,CHECKED
12/19/2019 6:17,KAZZAK,CHECKED
12/19/2019 8:21,KAZZAK,CHECKED
12/19/2019 9:15,KAZZAK,CHECKED
12/19/2019 11:55,KAZZAK,CHECKED
12/19/2019 16:03,KAZZAK,CHECKED
12/19/2019 18:45,KAZZAK,CHECKED
12/19/2019 21:05,KAZZAK,CHECKED
12/19/2019 21:28,AZUREGOS,CHECKED
12/19/2019 21:34,KAZZAK,CHECKED
12/19/2019 22:25,AZUREGOS,CHECKED
12/19/2019 23:10,AZUREGOS,CHECKED
12/20/2019 0:33,AZUREGOS,CHECKED
12/20/2019 1:10,KAZZAK,CHECKED
12/20/2019 1:28,AZUREGOS,CHECKED
12/20/2019 2:29,AZUREGOS,CHECKED
12/20/2019 2:42,KAZZAK,CHECKED
12/20/2019 3:39,AZUREGOS,CHECKED
12/20/2019 3:39,KAZZAK,CHECKED
12/20/2019 4:29,KAZZAK,CHECKED
12/20/2019 5:33,KAZZAK,CHECKED
12/20/2019 5:33,AZUREGOS,CHECKED
12/20/2019 6:02,KAZZAK,CHECKED
12/20/2019 6:07,AZUREGOS,CHECKED
12/20/2019 6:38,KAZZAK,CHECKED
12/20/2019 6:44,AZUREGOS,CHECKED
12/20/2019 7:21,AZUREGOS,CHECKED
12/20/2019 7:51,AZUREGOS,CHECKED
12/20/2019 8:02,KAZZAK,CHECKED
12/20/2019 8:25,AZUREGOS,CHECKED
12/20/2019 8:45,KAZZAK,CHECKED
12/20/2019 8:52,AZUREGOS,CHECKED
12/20/2019 9:22,AZUREGOS,CHECKED
12/20/2019 10:02,AZUREGOS,CHECKED
12/20/2019 10:05,KAZZAK,CHECKED
12/20/2019 10:31,AZUREGOS,CHECKED
12/20/2019 11:00,KAZZAK,CHECKED
12/20/2019 11:36,KAZZAK,CHECKED
12/20/2019 11:40,AZUREGOS,CHECKED
12/20/2019 12:06,AZUREGOS,CHECKED
12/20/2019 12:06,KAZZAK,CHECKED
12/20/2019 12:41,AZUREGOS,CHECKED
12/20/2019 13:23,AZUREGOS,CHECKED
12/20/2019 13:55,AZUREGOS,CHECKED
12/20/2019 14:31,KAZZAK,CHECKED
12/20/2019 14:33,AZUREGOS,CHECKED
12/20/2019 14:56,AZUREGOS,CHECKED
12/20/2019 15:22,AZUREGOS,CHECKED
12/20/2019 15:58,AZUREGOS,CHECKED
12/20/2019 16:32,AZUREGOS,CHECKED
12/20/2019 17:02,AZUREGOS,CHECKED
12/20/2019 17:31,AZUREGOS,CHECKED
12/20/2019 17:43,KAZZAK,CHECKED
12/20/2019 18:05,AZUREGOS,CHECKED
12/20/2019 19:25,AZUREGOS,CHECKED
12/20/2019 20:49,AZUREGOS,CHECKED
12/20/2019 21:42,AZUREGOS,CHECKED
12/20/2019 22:17,KAZZAK,CHECKED
12/20/2019 23:22,KAZZAK,CHECKED
12/21/2019 0:01,AZUREGOS,CHECKED
12/21/2019 0:51,KAZZAK,CHECKED
12/21/2019 1:11,AZUREGOS,CHECKED
12/21/2019 2:04,KAZZAK,CHECKED
12/21/2019 2:04,AZUREGOS,CHECKED
12/21/2019 2:33,KAZZAK,CHECKED
12/21/2019 3:15,AZUREGOS,CHECKED
12/21/2019 3:32,KAZZAK,CHECKED
12/21/2019 4:40,KAZZAK,CHECKED
12/21/2019 4:44,AZUREGOS,CHECKED
12/21/2019 5:00,KAZZAK,CHECKED
12/21/2019 5:37,AZUREGOS,CHECKED
12/21/2019 6:51,AZUREGOS,CHECKED
12/21/2019 7:29,KAZZAK,CHECKED
12/21/2019 7:45,AZUREGOS,CHECKED
12/21/2019 8:57,AZUREGOS,CHECKED
12/21/2019 9:18,AZUREGOS,CHECKED
12/21/2019 10:32,AZUREGOS,CHECKED
12/21/2019 11:03,AZUREGOS,CHECKED
12/21/2019 11:11,KAZZAK,CHECKED
12/21/2019 11:11,KAZZAK,CHECKED
12/21/2019 11:36,AZUREGOS,CHECKED
12/21/2019 11:59,AZUREGOS,CHECKED
12/21/2019 12:28,AZUREGOS,CHECKED
12/21/2019 13:15,AZUREGOS,CHECKED
12/21/2019 13:37,AZUREGOS,CHECKED
12/21/2019 13:35,KAZZAK,KILLED
12/21/2019 14:59,AZUREGOS,CHECKED
12/21/2019 15:50,AZUREGOS,CHECKED
12/21/2019 16:31,AZUREGOS,CHECKED
12/21/2019 16:58,AZUREGOS,CHECKED
12/21/2019 17:26,AZUREGOS,CHECKED
12/21/2019 18:05,AZUREGOS,CHECKED
12/21/2019 18:49,AZUREGOS,CHECKED
12/21/2019 19:50,AZUREGOS,CHECKED
12/21/2019 21:05,AZUREGOS,CHECKED
12/21/2019 21:39,AZUREGOS,CHECKED
12/21/2019 21:56,AZUREGOS,CHECKED
12/21/2019 23:21,AZUREGOS,CHECKED
12/22/2019 1:14,AZUREGOS,CHECKED
12/22/2019 1:58,AZUREGOS,CHECKED
12/22/2019 2:32,AZUREGOS,CHECKED
12/22/2019 2:54,AZUREGOS,CHECKED
12/22/2019 4:23,AZUREGOS,CHECKED
12/22/2019 5:12,AZUREGOS,CHECKED
12/22/2019 5:33,AZUREGOS,CHECKED
12/22/2019 6:04,AZUREGOS,CHECKED
12/22/2019 6:48,AZUREGOS,CHECKED
12/22/2019 7:35,AZUREGOS,CHECKED
12/22/2019 8:00,AZUREGOS,KILLED
12/22/2019 17:35,KAZZAK,CHECKED
12/22/2019 21:31,KAZZAK,CHECKED
12/23/2019 13:11,KAZZAK,CHECKED
12/23/2019 14:50,KAZZAK,CHECKED
12/23/2019 16:19,KAZZAK,CHECKED
12/23/2019 16:49,AZUREGOS,CHECKED
12/23/2019 22:42,AZUREGOS,CHECKED
12/23/2019 23:32,KAZZAK,CHECKED
12/24/2019 0:16,AZUREGOS,CHECKED
12/24/2019 1:00,KAZZAK,CHECKED
12/24/2019 1:15,AZUREGOS,CHECKED
12/24/2019 1:38,AZUREGOS,CHECKED
12/24/2019 4:05,AZUREGOS,CHECKED
12/24/2019 4:06,KAZZAK,CHECKED
12/24/2019 8:02,KAZZAK,CHECKED
12/24/2019 8:05,AZUREGOS,CHECKED
12/24/2019 8:49,KAZZAK,CHECKED
12/24/2019 8:49,AZUREGOS,CHECKED
12/24/2019 11:17,AZUREGOS,CHECKED
12/24/2019 11:17,KAZZAK,CHECKED
12/24/2019 11:52,KAZZAK,CHECKED
12/24/2019 12:15,KAZZAK,CHECKED
12/24/2019 12:57,AZUREGOS,CHECKED
12/24/2019 12:57,KAZZAK,CHECKED
12/24/2019 16:43,KAZZAK,CHECKED
12/24/2019 17:26,KAZZAK,CHECKED
12/24/2019 19:38,KAZZAK,CHECKED
12/24/2019 19:54,KAZZAK,CHECKED
12/24/2019 23:51,AZUREGOS,CHECKED
12/24/2019 23:56,KAZZAK,CHECKED
12/25/2019 0:16,AZUREGOS,CHECKED
12/25/2019 2:26,KAZZAK,CHECKED
12/25/2019 3:05,KAZZAK,CHECKED
12/25/2019 4:01,KAZZAK,CHECKED
12/25/2019 4:10,KAZZAK,CHECKED
12/25/2019 4:29,KAZZAK,CHECKED
12/25/2019 5:05,KAZZAK,CHECKED
12/25/2019 5:27,AZUREGOS,CHECKED
12/25/2019 5:28,KAZZAK,CHECKED
12/25/2019 8:20,KAZZAK,CHECKED
12/25/2019 10:18,KAZZAK,CHECKED
12/25/2019 10:35,KAZZAK,KILLED
12/25/2019 12:43,AZUREGOS,KILLED
12/26/2019 8:07,KAZZAK,CHECKED
12/26/2019 11:14,KAZZAK,CHECKED
12/26/2019 17:38,AZUREGOS,CHECKED
12/26/2019 20:08,AZUREGOS,CHECKED
12/26/2019 20:51,AZUREGOS,CHECKED
12/26/2019 21:58,AZUREGOS,CHECKED
12/26/2019 22:57,AZUREGOS,CHECKED
12/26/2019 23:31,AZUREGOS,CHECKED
12/27/2019 1:48,AZUREGOS,CHECKED
12/27/2019 2:26,KAZZAK,CHECKED
12/27/2019 3:24,AZUREGOS,CHECKED
12/27/2019 3:39,KAZZAK,CHECKED
12/27/2019 5:04,AZUREGOS,CHECKED
12/27/2019 6:27,AZUREGOS,CHECKED
12/27/2019 7:32,AZUREGOS,CHECKED
12/27/2019 7:47,AZUREGOS,CHECKED
12/27/2019 9:37,AZUREGOS,CHECKED
12/27/2019 18:55,AZUREGOS,CHECKED
12/27/2019 19:28,AZUREGOS,CHECKED
12/27/2019 20:01,AZUREGOS,CHECKED
12/27/2019 20:42,AZUREGOS,CHECKED
12/27/2019 20:44,KAZZAK,CHECKED
12/27/2019 21:42,AZUREGOS,CHECKED
12/27/2019 22:09,KAZZAK,CHECKED
12/27/2019 22:35,AZUREGOS,CHECKED
12/27/2019 23:01,KAZZAK,CHECKED
12/27/2019 23:06,AZUREGOS,CHECKED
12/28/2019 2:16,AZUREGOS,CHECKED
12/28/2019 3:15,KAZZAK,CHECKED
12/28/2019 4:08,AZUREGOS,CHECKED
12/28/2019 4:54,KAZZAK,CHECKED
12/28/2019 5:13,AZUREGOS,CHECKED
12/28/2019 6:11,AZUREGOS,CHECKED
12/28/2019 6:39,AZUREGOS,CHECKED
12/28/2019 7:05,AZUREGOS,CHECKED
12/28/2019 8:02,AZUREGOS,CHECKED
12/28/2019 8:15,KAZZAK,CHECKED
12/28/2019 8:35,AZUREGOS,CHECKED
12/28/2019 9:09,KAZZAK,CHECKED
12/28/2019 10:20,AZUREGOS,CHECKED
12/28/2019 11:12,AZUREGOS,CHECKED
12/28/2019 11:45,AZUREGOS,CHECKED
12/28/2019 12:10,KAZZAK,CHECKED
12/28/2019 12:24,AZUREGOS,CHECKED
12/28/2019 12:31,KAZZAK,CHECKED
12/28/2019 13:05,AZUREGOS,CHECKED
12/28/2019 13:26,KAZZAK,CHECKED
12/28/2019 14:04,AZUREGOS,CHECKED
12/28/2019 14:12,KAZZAK,CHECKED
12/28/2019 14:39,KAZZAK,CHECKED
12/28/2019 14:43,AZUREGOS,CHECKED
12/28/2019 16:42,AZUREGOS,CHECKED
12/28/2019 17:39,KAZZAK,CHECKED
12/28/2019 18:01,AZUREGOS,CHECKED
12/28/2019 18:14,KAZZAK,CHECKED
12/28/2019 19:37,AZUREGOS,CHECKED
12/28/2019 20:08,AZUREGOS,CHECKED
12/28/2019 20:11,KAZZAK,CHECKED
12/28/2019 20:34,AZUREGOS,CHECKED
12/28/2019 20:59,AZUREGOS,CHECKED
12/28/2019 20:59,KAZZAK,CHECKED
12/28/2019 21:19,AZUREGOS,CHECKED
12/28/2019 21:54,KAZZAK,CHECKED
12/28/2019 22:07,AZUREGOS,CHECKED
12/28/2019 22:28,KAZZAK,CHECKED
12/28/2019 22:53,KAZZAK,KILLED
12/28/2019 22:57,AZUREGOS,CHECKED
12/28/2019 23:28,AZUREGOS,CHECKED
12/28/2019 23:55,AZUREGOS,CHECKED
12/29/2019 0:29,AZUREGOS,CHECKED
12/29/2019 0:56,AZUREGOS,CHECKED
12/29/2019 1:26,AZUREGOS,CHECKED
12/29/2019 1:56,AZUREGOS,CHECKED
12/29/2019 2:10,AZUREGOS,CHECKED
12/29/2019 3:05,AZUREGOS,CHECKED
12/29/2019 3:40,AZUREGOS,CHECKED
12/29/2019 4:35,AZUREGOS,CHECKED
12/29/2019 5:25,AZUREGOS,CHECKED
12/29/2019 6:01,AZUREGOS,CHECKED
12/29/2019 6:30,AZUREGOS,CHECKED
12/29/2019 8:12,AZUREGOS,CHECKED
12/29/2019 8:30,AZUREGOS,CHECKED
12/29/2019 8:53,AZUREGOS,CHECKED
12/29/2019 9:21,AZUREGOS,CHECKED
12/29/2019 9:46,AZUREGOS,CHECKED
12/29/2019 10:15,AZUREGOS,CHECKED
12/29/2019 11:02,AZUREGOS,CHECKED
12/29/2019 11:50,AZUREGOS,CHECKED
12/29/2019 12:20,AZUREGOS,CHECKED
12/29/2019 12:56,AZUREGOS,CHECKED
12/29/2019 13:30,AZUREGOS,CHECKED
12/29/2019 13:44,AZUREGOS,CHECKED
12/29/2019 14:13,AZUREGOS,CHECKED
12/29/2019 14:46,AZUREGOS,CHECKED
12/29/2019 15:18,AZUREGOS,CHECKED
12/29/2019 15:40,AZUREGOS,CHECKED
12/29/2019 16:09,AZUREGOS,CHECKED
12/29/2019 16:28,AZUREGOS,CHECKED
12/29/2019 17:06,AZUREGOS,CHECKED
12/29/2019 17:32,AZUREGOS,CHECKED
12/29/2019 18:01,AZUREGOS,CHECKED
12/29/2019 19:17,AZUREGOS,CHECKED
12/29/2019 19:56,AZUREGOS,CHECKED
12/29/2019 20:53,AZUREGOS,CHECKED
12/29/2019 22:23,AZUREGOS,CHECKED
12/30/2019 0:25,AZUREGOS,CHECKED
12/30/2019 1:22,AZUREGOS,CHECKED
12/30/2019 2:24,AZUREGOS,CHECKED
12/30/2019 2:50,AZUREGOS,CHECKED
12/30/2019 3:49,AZUREGOS,CHECKED
12/30/2019 4:08,AZUREGOS,CHECKED
12/30/2019 5:35,AZUREGOS,CHECKED
12/30/2019 6:13,AZUREGOS,CHECKED
12/30/2019 6:43,AZUREGOS,CHECKED
12/30/2019 7:33,AZUREGOS,CHECKED
12/30/2019 8:07,AZUREGOS,CHECKED
12/30/2019 8:55,AZUREGOS,CHECKED
12/30/2019 9:32,AZUREGOS,CHECKED
12/30/2019 10:40,AZUREGOS,KILLED
12/30/2019 13:37,KAZZAK,CHECKED
12/30/2019 14:36,KAZZAK,CHECKED
12/30/2019 14:36,AZUREGOS,CHECKED
12/30/2019 18:05,KAZZAK,CHECKED
12/30/2019 19:36,KAZZAK,CHECKED
12/30/2019 20:27,KAZZAK,CHECKED
12/30/2019 21:28,KAZZAK,CHECKED
12/30/2019 22:06,KAZZAK,CHECKED
12/30/2019 22:49,KAZZAK,CHECKED
12/30/2019 23:16,KAZZAK,CHECKED
12/31/2019 0:19,KAZZAK,CHECKED
12/31/2019 2:06,KAZZAK,CHECKED
12/31/2019 5:26,KAZZAK,CHECKED
12/31/2019 6:40,KAZZAK,CHECKED
12/31/2019 7:28,KAZZAK,CHECKED
12/31/2019 7:45,AZUREGOS,CHECKED
12/31/2019 8:13,KAZZAK,CHECKED
12/31/2019 9:21,AZUREGOS,CHECKED
12/31/2019 9:42,KAZZAK,CHECKED
12/31/2019 10:06,AZUREGOS,CHECKED
12/31/2019 12:22,KAZZAK,CHECKED
12/31/2019 13:20,AZUREGOS,CHECKED
12/31/2019 13:40,AZUREGOS,CHECKED
12/31/2019 13:42,KAZZAK,CHECKED
12/31/2019 14:49,KAZZAK,CHECKED
12/31/2019 15:33,KAZZAK,CHECKED
12/31/2019 15:50,KAZZAK,CHECKED
12/31/2019 16:43,KAZZAK,CHECKED
12/31/2019 17:40,KAZZAK,CHECKED
12/31/2019 18:02,AZUREGOS,CHECKED
12/31/2019 18:06,KAZZAK,CHECKED
12/31/2019 18:52,KAZZAK,CHECKED
12/31/2019 19:54,AZUREGOS,CHECKED
12/31/2019 19:54,KAZZAK,CHECKED
12/31/2019 20:43,KAZZAK,CHECKED
12/31/2019 20:47,AZUREGOS,CHECKED
12/31/2019 21:17,KAZZAK,CHECKED
12/31/2019 21:25,AZUREGOS,CHECKED
12/31/2019 21:43,KAZZAK,CHECKED
12/31/2019 21:55,AZUREGOS,CHECKED
12/31/2019 21:59,KAZZAK,CHECKED
12/31/2019 22:00,AZUREGOS,CHECKED
12/31/2019 22:26,KAZZAK,CHECKED
12/31/2019 22:53,KAZZAK,CHECKED
12/31/2019 22:55,AZUREGOS,CHECKED
12/31/2019 23:30,AZUREGOS,CHECKED
12/31/2019 23:44,KAZZAK,CHECKED
1/1/2020 0:00,AZUREGOS,CHECKED
1/1/2020 0:00,KAZZAK,CHECKED
1/1/2020 0:32,KAZZAK,CHECKED
1/1/2020 1:13,KAZZAK,CHECKED
1/1/2020 1:53,KAZZAK,CHECKED
1/1/2020 2:43,AZUREGOS,CHECKED
1/1/2020 3:16,KAZZAK,CHECKED
1/1/2020 4:45,KAZZAK,CHECKED
1/1/2020 5:07,KAZZAK,CHECKED
1/1/2020 6:02,KAZZAK,KILLED
1/1/2020 6:11,AZUREGOS,CHECKED
1/1/2020 7:07,AZUREGOS,CHECKED
1/1/2020 7:42,AZUREGOS,CHECKED
1/1/2020 8:40,AZUREGOS,CHECKED
1/1/2020 9:19,AZUREGOS,CHECKED
1/1/2020 9:52,AZUREGOS,CHECKED
1/1/2020 10:07,AZUREGOS,CHECKED
1/1/2020 10:31,AZUREGOS,CHECKED
1/1/2020 11:06,AZUREGOS,CHECKED
1/1/2020 11:32,AZUREGOS,CHECKED
1/1/2020 12:00,AZUREGOS,CHECKED
1/1/2020 12:36,AZUREGOS,CHECKED
1/1/2020 13:00,AZUREGOS,CHECKED
1/1/2020 13:30,AZUREGOS,CHECKED
1/1/2020 14:02,AZUREGOS,CHECKED
1/1/2020 14:02,AZUREGOS,CHECKED
1/1/2020 14:30,AZUREGOS,CHECKED
1/1/2020 15:02,AZUREGOS,CHECKED
1/1/2020 15:30,AZUREGOS,CHECKED
1/1/2020 16:07,AZUREGOS,CHECKED
1/1/2020 16:34,AZUREGOS,KILLED
1/2/2020 8:25,KAZZAK,CHECKED
1/2/2020 10:29,KAZZAK,CHECKED
1/2/2020 10:53,KAZZAK,CHECKED
1/2/2020 12:19,KAZZAK,CHECKED
1/2/2020 13:06,KAZZAK,CHECKED
1/2/2020 13:35,KAZZAK,CHECKED
1/2/2020 13:50,KAZZAK,CHECKED
1/2/2020 14:15,KAZZAK,CHECKED
1/2/2020 15:25,KAZZAK,CHECKED
1/2/2020 16:02,KAZZAK,CHECKED
1/2/2020 16:24,KAZZAK,CHECKED
1/2/2020 16:59,KAZZAK,CHECKED
1/2/2020 17:15,KAZZAK,CHECKED
1/2/2020 17:59,KAZZAK,CHECKED
1/2/2020 18:45,KAZZAK,CHECKED
1/2/2020 19:53,KAZZAK,KILLED
1/2/2020 23:02,AZUREGOS,CHECKED
1/3/2020 0:52,AZUREGOS,CHECKED
1/3/2020 1:23,AZUREGOS,CHECKED
1/3/2020 1:53,AZUREGOS,CHECKED
1/3/2020 2:50,AZUREGOS,CHECKED
1/3/2020 3:21,AZUREGOS,CHECKED
1/3/2020 3:53,AZUREGOS,CHECKED
1/3/2020 4:26,AZUREGOS,CHECKED
1/3/2020 4:59,AZUREGOS,CHECKED
1/3/2020 5:35,AZUREGOS,CHECKED
1/3/2020 6:08,AZUREGOS,CHECKED
1/3/2020 10:10,AZUREGOS,CHECKED
1/3/2020 11:18,AZUREGOS,CHECKED
1/3/2020 11:43,AZUREGOS,CHECKED
1/3/2020 12:50,AZUREGOS,CHECKED
1/3/2020 14:35,AZUREGOS,CHECKED
1/3/2020 15:14,AZUREGOS,CHECKED
1/3/2020 15:58,AZUREGOS,CHECKED
1/3/2020 16:30,AZUREGOS,CHECKED
1/3/2020 17:05,AZUREGOS,CHECKED
1/3/2020 17:38,AZUREGOS,CHECKED
1/3/2020 18:15,AZUREGOS,CHECKED
1/3/2020 18:47,AZUREGOS,CHECKED
1/3/2020 19:26,AZUREGOS,CHECKED
1/3/2020 20:13,AZUREGOS,CHECKED
1/3/2020 20:58,AZUREGOS,CHECKED
1/3/2020 21:56,AZUREGOS,CHECKED
1/3/2020 23:15,AZUREGOS,CHECKED
1/4/2020 0:32,AZUREGOS,CHECKED
1/4/2020 2:06,KAZZAK,CHECKED
1/4/2020 2:35,AZUREGOS,CHECKED
1/4/2020 3:19,AZUREGOS,CHECKED
1/4/2020 3:25,KAZZAK,CHECKED
1/4/2020 3:50,AZUREGOS,CHECKED
1/4/2020 4:27,AZUREGOS,CHECKED
1/4/2020 5:28,AZUREGOS,CHECKED
1/4/2020 5:28,KAZZAK,CHECKED
1/4/2020 6:13,AZUREGOS,CHECKED
1/4/2020 6:46,AZUREGOS,CHECKED
1/4/2020 8:23,AZUREGOS,CHECKED
1/4/2020 8:25,KAZZAK,CHECKED
1/4/2020 8:29,AZUREGOS,CHECKED
1/4/2020 9:26,KAZZAK,CHECKED
1/4/2020 9:27,AZUREGOS,CHECKED
1/4/2020 10:07,KAZZAK,CHECKED
1/4/2020 10:59,KAZZAK,CHECKED
1/4/2020 11:11,AZUREGOS,CHECKED
1/4/2020 13:01,KAZZAK,CHECKED
1/4/2020 13:01,AZUREGOS,CHECKED
1/4/2020 13:46,AZUREGOS,CHECKED
1/4/2020 14:34,KAZZAK,CHECKED
1/4/2020 14:37,AZUREGOS,CHECKED
1/4/2020 15:34,AZUREGOS,CHECKED
1/4/2020 15:36,KAZZAK,CHECKED
1/4/2020 16:01,KAZZAK,CHECKED
1/4/2020 16:21,AZUREGOS,CHECKED
1/4/2020 17:02,AZUREGOS,CHECKED
1/4/2020 17:07,KAZZAK,CHECKED
1/4/2020 17:28,KAZZAK,CHECKED
1/4/2020 17:38,AZUREGOS,CHECKED
1/4/2020 18:10,KAZZAK,CHECKED
1/4/2020 18:11,AZUREGOS,CHECKED
1/4/2020 18:32,KAZZAK,CHECKED
1/4/2020 18:46,AZUREGOS,CHECKED
1/4/2020 19:03,KAZZAK,CHECKED
1/4/2020 19:19,AZUREGOS,CHECKED
1/4/2020 19:33,KAZZAK,CHECKED
1/4/2020 20:00,AZUREGOS,CHECKED
1/4/2020 20:32,KAZZAK,CHECKED
1/4/2020 20:50,AZUREGOS,CHECKED
1/4/2020 21:05,KAZZAK,CHECKED
1/4/2020 21:28,KAZZAK,CHECKED
1/4/2020 21:32,AZUREGOS,CHECKED
1/4/2020 21:57,KAZZAK,CHECKED
1/4/2020 22:13,AZUREGOS,CHECKED
1/4/2020 23:03,AZUREGOS,CHECKED
1/4/2020 23:13,KAZZAK,KILLED
1/4/2020 23:33,AZUREGOS,CHECKED
1/5/2020 0:03,AZUREGOS,CHECKED
1/5/2020 0:42,AZUREGOS,CHECKED
1/5/2020 1:12,AZUREGOS,CHECKED
1/5/2020 1:42,AZUREGOS,CHECKED
1/5/2020 2:18,AZUREGOS,CHECKED
1/5/2020 2:41,AZUREGOS,CHECKED
1/5/2020 3:25,AZUREGOS,CHECKED
1/5/2020 3:49,AZUREGOS,CHECKED
1/5/2020 4:24,AZUREGOS,CHECKED
1/5/2020 4:52,AZUREGOS,CHECKED
1/5/2020 5:27,AZUREGOS,CHECKED
1/5/2020 6:04,AZUREGOS,CHECKED
1/5/2020 6:39,AZUREGOS,CHECKED
1/5/2020 7:20,AZUREGOS,CHECKED
1/5/2020 7:43,AZUREGOS,CHECKED
1/5/2020 8:23,AZUREGOS,CHECKED
1/5/2020 9:42,AZUREGOS,CHECKED
1/5/2020 11:36,AZUREGOS,CHECKED
1/5/2020 12:32,AZUREGOS,CHECKED
1/5/2020 12:43,AZUREGOS,CHECKED
1/5/2020 12:47,AZUREGOS,CHECKED
1/5/2020 13:28,AZUREGOS,CHECKED
1/5/2020 13:55,AZUREGOS,CHECKED
1/5/2020 14:22,AZUREGOS,CHECKED
1/5/2020 14:42,AZUREGOS,CHECKED
1/5/2020 15:14,AZUREGOS,CHECKED
1/5/2020 15:38,AZUREGOS,CHECKED
1/5/2020 16:04,AZUREGOS,CHECKED
1/5/2020 16:25,AZUREGOS,CHECKED
1/5/2020 16:55,AZUREGOS,CHECKED
1/5/2020 17:11,AZUREGOS,CHECKED
1/5/2020 17:41,AZUREGOS,CHECKED
1/5/2020 18:10,AZUREGOS,CHECKED
1/5/2020 19:00,AZUREGOS,CHECKED
1/5/2020 19:12,AZUREGOS,CHECKED
1/5/2020 20:02,AZUREGOS,CHECKED
1/5/2020 20:30,AZUREGOS,CHECKED
1/5/2020 20:54,AZUREGOS,CHECKED
1/5/2020 21:51,AZUREGOS,CHECKED
1/5/2020 21:58,AZUREGOS,CHECKED
1/5/2020 22:20,AZUREGOS,CHECKED
1/5/2020 22:43,AZUREGOS,CHECKED
1/5/2020 23:20,AZUREGOS,CHECKED
1/5/2020 23:50,AZUREGOS,CHECKED
1/6/2020 0:15,AZUREGOS,CHECKED
1/6/2020 0:50,AZUREGOS,CHECKED
1/6/2020 1:51,AZUREGOS,CHECKED
1/6/2020 2:14,AZUREGOS,CHECKED
1/6/2020 2:36,AZUREGOS,CHECKED
1/6/2020 3:05,AZUREGOS,CHECKED
1/6/2020 3:30,AZUREGOS,CHECKED
1/6/2020 5:15,AZUREGOS,KILLED
1/6/2020 9:46,KAZZAK,CHECKED
1/6/2020 15:05,KAZZAK,CHECKED
1/6/2020 15:42,KAZZAK,CHECKED
1/6/2020 16:21,KAZZAK,CHECKED
1/6/2020 16:50,KAZZAK,CHECKED
1/6/2020 17:54,KAZZAK,CHECKED
1/6/2020 19:00,KAZZAK,CHECKED
1/6/2020 19:30,KAZZAK,CHECKED
1/6/2020 20:10,KAZZAK,CHECKED
1/6/2020 20:30,KAZZAK,CHECKED
1/6/2020 21:03,KAZZAK,CHECKED
1/6/2020 21:28,KAZZAK,CHECKED
1/6/2020 22:12,KAZZAK,CHECKED
1/6/2020 22:40,KAZZAK,CHECKED
1/6/2020 23:14,KAZZAK,CHECKED
1/7/2020 0:17,KAZZAK,CHECKED
1/7/2020 1:53,AZUREGOS,CHECKED
1/7/2020 4:16,KAZZAK,CHECKED
1/7/2020 6:17,KAZZAK,CHECKED
1/7/2020 7:33,KAZZAK,CHECKED
1/7/2020 8:03,KAZZAK,CHECKED
1/7/2020 8:33,KAZZAK,CHECKED
1/7/2020 9:00,KAZZAK,CHECKED
1/7/2020 9:35,KAZZAK,CHECKED
1/7/2020 10:06,KAZZAK,CHECKED
1/7/2020 10:22,AZUREGOS,CHECKED
1/7/2020 10:28,KAZZAK,CHECKED
1/7/2020 10:50,AZUREGOS,CHECKED
1/7/2020 11:21,AZUREGOS,CHECKED
